timeStamp,elapsed,label,responseCode,responseMessage,threadName,dataType,success,failureMessage,bytes,sentBytes,grpThreads,allThreads,Latency,IdleTime,Connect
1510887227232,6495,HTTP Request,200,OK,loadDashboard 1-5,text,true,,45177,131,15,15,6466,0,3282
1510887227833,6240,HTTP Request,200,OK,loadDashboard 1-6,text,true,,45177,131,15,15,6207,0,2681
1510887224832,9311,HTTP Request,200,OK,loadDashboard 1-1,text,true,,45177,131,14,14,9272,0,5685
1510887226633,7665,HTTP Request,200,OK,loadDashboard 1-4,text,true,,45177,131,13,13,7619,0,3881
1510887230240,4345,HTTP Request,200,OK,loadDashboard 1-10,text,true,,45177,131,13,13,4315,0,274
1510887229037,5713,HTTP Request,200,OK,loadDashboard 1-8,text,true,,45177,131,12,12,5685,0,1477
1510887226031,8845,HTTP Request,200,OK,loadDashboard 1-3,text,true,,45177,131,11,11,8820,0,4483
1510887230846,4267,HTTP Request,200,OK,loadDashboard 1-11,text,true,,45177,131,11,11,4239,0,16
1510887228438,6901,HTTP Request,200,OK,loadDashboard 1-7,text,true,,45177,131,10,10,6862,0,2076
1510887225430,9911,HTTP Request,200,OK,loadDashboard 1-2,text,true,,45177,131,9,9,9864,0,5084
1510887229638,5770,HTTP Request,200,OK,loadDashboard 1-9,text,true,,45177,131,8,8,5748,0,876
1510887231437,4442,HTTP Request,200,OK,loadDashboard 1-12,text,true,,45177,131,8,8,4417,0,10
1510887232037,4144,HTTP Request,200,OK,loadDashboard 1-13,text,true,,45177,131,7,7,4114,0,11
1510887232637,3575,HTTP Request,200,OK,loadDashboard 1-14,text,true,,45177,131,6,6,3546,0,20
1510887233238,3049,HTTP Request,200,OK,loadDashboard 1-15,text,true,,45177,131,6,6,3023,0,13
1510887233837,2484,HTTP Request,200,OK,loadDashboard 1-16,text,true,,45177,131,5,5,2456,0,15
1510887234437,2420,HTTP Request,200,OK,loadDashboard 1-17,text,true,,45177,131,5,5,2373,0,12
1510887235037,1886,HTTP Request,200,OK,loadDashboard 1-18,text,true,,45177,131,4,4,1837,0,11
1510887235636,1781,HTTP Request,200,OK,loadDashboard 1-19,text,true,,45177,131,3,3,1754,0,9
1510887236237,1322,HTTP Request,200,OK,loadDashboard 1-20,text,true,,45177,131,3,3,1292,0,21
1510887236837,860,HTTP Request,200,OK,loadDashboard 1-21,text,true,,45177,131,2,2,824,0,22
1510887237438,643,HTTP Request,200,OK,loadDashboard 1-22,text,true,,45177,131,2,2,619,0,26
1510887238039,379,HTTP Request,200,OK,loadDashboard 1-23,text,true,,45177,131,1,1,358,0,18
1510887238637,414,HTTP Request,200,OK,loadDashboard 1-24,text,true,,45177,131,1,1,390,0,16
1510887239237,369,HTTP Request,200,OK,loadDashboard 1-25,text,true,,45177,131,1,1,345,0,9
1510887239838,509,HTTP Request,200,OK,loadDashboard 1-26,text,true,,45177,131,1,1,460,0,11
1510887240438,392,HTTP Request,200,OK,loadDashboard 1-27,text,true,,45177,131,1,1,353,0,22
1510887241045,381,HTTP Request,200,OK,loadDashboard 1-28,text,true,,45177,131,1,1,348,0,10
1510887241638,406,HTTP Request,200,OK,loadDashboard 1-29,text,true,,45177,131,1,1,376,0,9
1510887242238,362,HTTP Request,200,OK,loadDashboard 1-30,text,true,,45177,131,1,1,334,0,10
1510887242839,386,HTTP Request,200,OK,loadDashboard 1-31,text,true,,45177,131,1,1,339,0,11
1510887243438,377,HTTP Request,200,OK,loadDashboard 1-32,text,true,,45177,131,1,1,348,0,17
1510887244053,386,HTTP Request,200,OK,loadDashboard 1-33,text,true,,45177,131,1,1,346,0,19
1510887244654,388,HTTP Request,200,OK,loadDashboard 1-34,text,true,,45177,131,1,1,338,0,11
1510887245253,421,HTTP Request,200,OK,loadDashboard 1-35,text,true,,45177,131,1,1,371,0,11
1510887245854,384,HTTP Request,200,OK,loadDashboard 1-36,text,true,,45177,131,1,1,360,0,13
1510887246454,376,HTTP Request,200,OK,loadDashboard 1-37,text,true,,45177,131,1,1,348,0,15
1510887247055,388,HTTP Request,200,OK,loadDashboard 1-38,text,true,,45177,131,1,1,353,0,20
1510887247657,375,HTTP Request,200,OK,loadDashboard 1-39,text,true,,45177,131,1,1,341,0,10
1510887248253,379,HTTP Request,200,OK,loadDashboard 1-40,text,true,,45177,131,1,1,342,0,11
1510887248854,372,HTTP Request,200,OK,loadDashboard 1-41,text,true,,45177,131,1,1,344,0,10
1510887249437,390,HTTP Request,200,OK,loadDashboard 1-42,text,true,,45177,131,1,1,368,0,11
1510887250064,427,HTTP Request,200,OK,loadDashboard 1-43,text,true,,45177,131,1,1,385,0,15
1510887250665,395,HTTP Request,200,OK,loadDashboard 1-44,text,true,,45177,131,1,1,374,0,14
1510887251253,366,HTTP Request,200,OK,loadDashboard 1-45,text,true,,45177,131,1,1,336,0,12
1510887251853,374,HTTP Request,200,OK,loadDashboard 1-46,text,true,,45177,131,1,1,340,0,9
1510887252454,355,HTTP Request,200,OK,loadDashboard 1-47,text,true,,45177,131,1,1,331,0,14
1510887253052,418,HTTP Request,200,OK,loadDashboard 1-48,text,true,,45177,131,1,1,395,0,12
1510887253654,450,HTTP Request,200,OK,loadDashboard 1-49,text,true,,45177,131,1,1,416,0,11
1510887254254,374,HTTP Request,200,OK,loadDashboard 1-50,text,true,,45177,131,1,1,345,0,10
1510887254853,370,HTTP Request,200,OK,loadDashboard 1-51,text,true,,45177,131,1,1,345,0,11
1510887255456,389,HTTP Request,200,OK,loadDashboard 1-52,text,true,,45177,131,1,1,371,0,29
1510887256060,407,HTTP Request,200,OK,loadDashboard 1-53,text,true,,45177,131,1,1,354,0,13
1510887256654,391,HTTP Request,200,OK,loadDashboard 1-54,text,true,,45177,131,1,1,346,0,16
1510887257253,391,HTTP Request,200,OK,loadDashboard 1-55,text,true,,45177,131,1,1,352,0,14
1510887257852,370,HTTP Request,200,OK,loadDashboard 1-56,text,true,,45177,131,1,1,344,0,9
1510887258453,404,HTTP Request,200,OK,loadDashboard 1-57,text,true,,45177,131,1,1,373,0,12
1510887259052,372,HTTP Request,200,OK,loadDashboard 1-58,text,true,,45177,131,1,1,348,0,11
1510887259653,377,HTTP Request,200,OK,loadDashboard 1-59,text,true,,45177,131,1,1,356,0,17
1510887260263,366,HTTP Request,200,OK,loadDashboard 1-60,text,true,,45177,131,1,1,343,0,9
1510887260864,379,HTTP Request,200,OK,loadDashboard 1-61,text,true,,45177,131,1,1,342,0,8
1510887261463,377,HTTP Request,200,OK,loadDashboard 1-62,text,true,,45177,131,1,1,340,0,17
1510887262063,394,HTTP Request,200,OK,loadDashboard 1-63,text,true,,45177,131,1,1,350,0,9
1510887262668,375,HTTP Request,200,OK,loadDashboard 1-64,text,true,,45177,131,1,1,343,0,11
1510887263269,370,HTTP Request,200,OK,loadDashboard 1-65,text,true,,45177,131,1,1,348,0,23
1510887263868,401,HTTP Request,200,OK,loadDashboard 1-66,text,true,,45177,131,1,1,374,0,30
1510887264467,392,HTTP Request,200,OK,loadDashboard 1-67,text,true,,45177,131,1,1,364,0,14
1510887265053,386,HTTP Request,200,OK,loadDashboard 1-68,text,true,,45177,131,1,1,351,0,11
1510887265656,370,HTTP Request,200,OK,loadDashboard 1-69,text,true,,45177,131,1,1,348,0,16
1510887266268,379,HTTP Request,200,OK,loadDashboard 1-70,text,true,,45177,131,1,1,343,0,11
1510887266869,369,HTTP Request,200,OK,loadDashboard 1-71,text,true,,45177,131,1,1,344,0,16
1510887267467,414,HTTP Request,200,OK,loadDashboard 1-72,text,true,,45177,131,1,1,374,0,15
1510887268068,370,HTTP Request,200,OK,loadDashboard 1-73,text,true,,45177,131,1,1,347,0,13
1510887268668,382,HTTP Request,200,OK,loadDashboard 1-74,text,true,,45177,131,1,1,354,0,13
1510887269267,390,HTTP Request,200,OK,loadDashboard 1-75,text,true,,45177,131,1,1,350,0,12
1510887269867,385,HTTP Request,200,OK,loadDashboard 1-76,text,true,,45177,131,1,1,343,0,19
1510887270475,441,HTTP Request,200,OK,loadDashboard 1-77,text,true,,45177,131,1,1,402,0,25
1510887271077,369,HTTP Request,200,OK,loadDashboard 1-78,text,true,,45177,131,1,1,343,0,9
1510887271672,377,HTTP Request,200,OK,loadDashboard 1-79,text,true,,45177,131,1,1,350,0,12
1510887272269,372,HTTP Request,200,OK,loadDashboard 1-80,text,true,,45177,131,1,1,346,0,9
1510887272869,372,HTTP Request,200,OK,loadDashboard 1-81,text,true,,45177,131,1,1,350,0,13
1510887273467,375,HTTP Request,200,OK,loadDashboard 1-82,text,true,,45177,131,1,1,348,0,8
1510887274067,390,HTTP Request,200,OK,loadDashboard 1-83,text,true,,45177,131,1,1,347,0,10
1510887274669,360,HTTP Request,200,OK,loadDashboard 1-84,text,true,,45177,131,1,1,334,0,12
1510887275270,370,HTTP Request,200,OK,loadDashboard 1-85,text,true,,45177,131,1,1,343,0,12
1510887275867,383,HTTP Request,200,OK,loadDashboard 1-86,text,true,,45177,131,1,1,358,0,16
1510887276469,368,HTTP Request,200,OK,loadDashboard 1-87,text,true,,45177,131,1,1,344,0,14
1510887277070,404,HTTP Request,200,OK,loadDashboard 1-88,text,true,,45177,131,1,1,378,0,7
1510887277668,383,HTTP Request,200,OK,loadDashboard 1-89,text,true,,45177,131,1,1,355,0,15
1510887278268,388,HTTP Request,200,OK,loadDashboard 1-90,text,true,,45177,131,1,1,360,0,11
1510887278867,375,HTTP Request,200,OK,loadDashboard 1-91,text,true,,45177,131,1,1,340,0,9
1510887279469,366,HTTP Request,200,OK,loadDashboard 1-92,text,true,,45177,131,1,1,343,0,10
1510887280067,392,HTTP Request,200,OK,loadDashboard 1-93,text,true,,45177,131,1,1,346,0,16
1510887280670,390,HTTP Request,200,OK,loadDashboard 1-94,text,true,,45177,131,1,1,367,0,12
1510887281271,392,HTTP Request,200,OK,loadDashboard 1-95,text,true,,45177,131,1,1,366,0,13
1510887281885,383,HTTP Request,200,OK,loadDashboard 1-96,text,true,,45177,131,1,1,357,0,26
1510887282484,391,HTTP Request,200,OK,loadDashboard 1-97,text,true,,45177,131,1,1,354,0,14
1510887283084,392,HTTP Request,200,OK,loadDashboard 1-98,text,true,,45177,131,1,1,362,0,10
1510887283686,395,HTTP Request,200,OK,loadDashboard 1-99,text,true,,45177,131,1,1,354,0,10
1510887284284,354,HTTP Request,200,OK,loadDashboard 1-100,text,true,,45177,131,1,1,331,0,10
1510887284886,370,HTTP Request,200,OK,loadDashboard 1-101,text,true,,45177,131,1,1,345,0,12
1510887285492,366,HTTP Request,200,OK,loadDashboard 1-102,text,true,,45177,131,1,1,343,0,16
1510887286097,353,HTTP Request,200,OK,loadDashboard 1-103,text,true,,45177,131,1,1,326,0,9
1510887286683,392,HTTP Request,200,OK,loadDashboard 1-104,text,true,,45177,131,1,1,358,0,10
1510887287282,382,HTTP Request,200,OK,loadDashboard 1-105,text,true,,45177,131,1,1,346,0,10
1510887287883,380,HTTP Request,200,OK,loadDashboard 1-106,text,true,,45177,131,1,1,341,0,9
1510887288483,371,HTTP Request,200,OK,loadDashboard 1-107,text,true,,45177,131,1,1,338,0,13
1510887289094,415,HTTP Request,200,OK,loadDashboard 1-108,text,true,,45177,131,1,1,372,0,18
1510887289683,447,HTTP Request,200,OK,loadDashboard 1-109,text,true,,45177,131,1,1,425,0,9
1510887290283,384,HTTP Request,200,OK,loadDashboard 1-110,text,true,,45177,131,1,1,360,0,12
1510887290883,381,HTTP Request,200,OK,loadDashboard 1-111,text,true,,45177,131,1,1,359,0,29
1510887291484,377,HTTP Request,200,OK,loadDashboard 1-112,text,true,,45177,131,1,1,342,0,10
1510887292082,369,HTTP Request,200,OK,loadDashboard 1-113,text,true,,45177,131,1,1,336,0,9
1510887292684,375,HTTP Request,200,OK,loadDashboard 1-114,text,true,,45177,131,1,1,344,0,9
1510887293283,379,HTTP Request,200,OK,loadDashboard 1-115,text,true,,45177,131,1,1,354,0,13
1510887293893,380,HTTP Request,200,OK,loadDashboard 1-116,text,true,,45177,131,1,1,352,0,11
1510887294485,362,HTTP Request,200,OK,loadDashboard 1-117,text,true,,45177,131,1,1,340,0,21
1510887295097,419,HTTP Request,200,OK,loadDashboard 1-118,text,true,,45177,131,1,1,396,0,10
1510887295684,406,HTTP Request,200,OK,loadDashboard 1-119,text,true,,45177,131,1,1,365,0,11
1510887296283,395,HTTP Request,200,OK,loadDashboard 1-120,text,true,,45177,131,1,1,361,0,16
1510887296886,371,HTTP Request,200,OK,loadDashboard 1-121,text,true,,45177,131,1,1,341,0,9
1510887297484,414,HTTP Request,200,OK,loadDashboard 1-122,text,true,,45177,131,1,1,381,0,11
1510887298084,361,HTTP Request,200,OK,loadDashboard 1-123,text,true,,45177,131,1,1,339,0,16
1510887298684,382,HTTP Request,200,OK,loadDashboard 1-124,text,true,,45177,131,1,1,353,0,19
1510887299284,391,HTTP Request,200,OK,loadDashboard 1-125,text,true,,45177,131,1,1,361,0,18
1510887299885,366,HTTP Request,200,OK,loadDashboard 1-126,text,true,,45177,131,1,1,338,0,10
1510887300500,383,HTTP Request,200,OK,loadDashboard 1-127,text,true,,45177,131,1,1,360,0,10
1510887301099,398,HTTP Request,200,OK,loadDashboard 1-128,text,true,,45177,131,1,1,359,0,16
1510887301701,393,HTTP Request,200,OK,loadDashboard 1-129,text,true,,45177,131,1,1,349,0,8
1510887302301,372,HTTP Request,200,OK,loadDashboard 1-130,text,true,,45177,131,1,1,348,0,9
1510887302901,378,HTTP Request,200,OK,loadDashboard 1-131,text,true,,45177,131,1,1,354,0,24
1510887303500,422,HTTP Request,200,OK,loadDashboard 1-132,text,true,,45177,131,1,1,386,0,13
1510887304099,375,HTTP Request,200,OK,loadDashboard 1-133,text,true,,45177,131,1,1,345,0,28
1510887304710,370,HTTP Request,200,OK,loadDashboard 1-134,text,true,,45177,131,1,1,348,0,8
1510887305300,368,HTTP Request,200,OK,loadDashboard 1-135,text,true,,45177,131,1,1,345,0,16
1510887305900,378,HTTP Request,200,OK,loadDashboard 1-136,text,true,,45177,131,1,1,354,0,9
1510887306499,369,HTTP Request,200,OK,loadDashboard 1-137,text,true,,45177,131,1,1,347,0,8
1510887307098,376,HTTP Request,200,OK,loadDashboard 1-138,text,true,,45177,131,1,1,353,0,24
1510887307698,360,HTTP Request,200,OK,loadDashboard 1-139,text,true,,45177,131,1,1,328,0,12
1510887308299,357,HTTP Request,200,OK,loadDashboard 1-140,text,true,,45177,131,1,1,331,0,14
1510887308900,398,HTTP Request,200,OK,loadDashboard 1-141,text,true,,45177,131,1,1,345,0,11
1510887309498,368,HTTP Request,200,OK,loadDashboard 1-142,text,true,,45177,131,1,1,341,0,9
1510887310099,394,HTTP Request,200,OK,loadDashboard 1-143,text,true,,45177,131,1,1,362,0,33
1510887310698,367,HTTP Request,200,OK,loadDashboard 1-144,text,true,,45177,131,1,1,338,0,13
1510887311298,371,HTTP Request,200,OK,loadDashboard 1-145,text,true,,45177,131,1,1,349,0,14
1510887311898,387,HTTP Request,200,OK,loadDashboard 1-146,text,true,,45177,131,1,1,357,0,17
1510887312498,367,HTTP Request,200,OK,loadDashboard 1-147,text,true,,45177,131,1,1,347,0,10
1510887313100,388,HTTP Request,200,OK,loadDashboard 1-148,text,true,,45177,131,1,1,369,0,26
1510887313697,350,HTTP Request,200,OK,loadDashboard 1-149,text,true,,45177,131,1,1,328,0,7
1510887314300,379,HTTP Request,200,OK,loadDashboard 1-150,text,true,,45177,131,1,1,354,0,19
1510887314899,365,HTTP Request,200,OK,loadDashboard 1-151,text,true,,45177,131,1,1,342,0,9
1510887315498,375,HTTP Request,200,OK,loadDashboard 1-152,text,true,,45177,131,1,1,349,0,12
1510887316098,430,HTTP Request,200,OK,loadDashboard 1-153,text,true,,45177,131,1,1,368,0,15
1510887316699,423,HTTP Request,200,OK,loadDashboard 1-154,text,true,,45177,131,1,1,380,0,11
1510887317298,387,HTTP Request,200,OK,loadDashboard 1-155,text,true,,45177,131,1,1,365,0,11
1510887317911,387,HTTP Request,200,OK,loadDashboard 1-156,text,true,,45177,131,1,1,367,0,10
1510887318499,379,HTTP Request,200,OK,loadDashboard 1-157,text,true,,45177,131,1,1,340,0,10
1510887319098,381,HTTP Request,200,OK,loadDashboard 1-158,text,true,,45177,131,1,1,347,0,14
1510887319698,375,HTTP Request,200,OK,loadDashboard 1-159,text,true,,45177,131,1,1,346,0,27
1510887320298,400,HTTP Request,200,OK,loadDashboard 1-160,text,true,,45177,131,1,1,370,0,18
1510887320899,418,HTTP Request,200,OK,loadDashboard 1-161,text,true,,45177,131,1,1,387,0,27
1510887321503,378,HTTP Request,200,OK,loadDashboard 1-162,text,true,,45177,131,1,1,356,0,9
1510887322101,402,HTTP Request,200,OK,loadDashboard 1-163,text,true,,45177,131,1,1,354,0,15
1510887322714,410,HTTP Request,200,OK,loadDashboard 1-164,text,true,,45177,131,1,1,357,0,7
1510887323317,392,HTTP Request,200,OK,loadDashboard 1-165,text,true,,45177,131,1,1,352,0,8
1510887323914,362,HTTP Request,200,OK,loadDashboard 1-166,text,true,,45177,131,1,1,341,0,9
1510887324515,378,HTTP Request,200,OK,loadDashboard 1-167,text,true,,45177,131,1,1,339,0,13
1510887325115,378,HTTP Request,200,OK,loadDashboard 1-168,text,true,,45177,131,1,1,359,0,12
1510887325714,368,HTTP Request,200,OK,loadDashboard 1-169,text,true,,45177,131,1,1,343,0,17
1510887326315,374,HTTP Request,200,OK,loadDashboard 1-170,text,true,,45177,131,1,1,349,0,15
1510887326916,386,HTTP Request,200,OK,loadDashboard 1-171,text,true,,45177,131,1,1,358,0,13
1510887327639,380,HTTP Request,200,OK,loadDashboard 1-172,text,true,,45177,131,1,1,349,0,12
1510887328116,412,HTTP Request,200,OK,loadDashboard 1-173,text,true,,45177,131,1,1,350,0,9
1510887328839,400,HTTP Request,200,OK,loadDashboard 1-174,text,true,,45177,131,1,1,347,0,9
1510887329439,415,HTTP Request,200,OK,loadDashboard 1-175,text,true,,45177,131,1,1,347,0,15
1510887330038,381,HTTP Request,200,OK,loadDashboard 1-176,text,true,,45177,131,1,1,352,0,13
1510887330654,354,HTTP Request,200,OK,loadDashboard 1-177,text,true,,45177,131,1,1,330,0,11
1510887331239,409,HTTP Request,200,OK,loadDashboard 1-178,text,true,,45177,131,1,1,386,0,34
1510887331836,370,HTTP Request,200,OK,loadDashboard 1-179,text,true,,45177,131,1,1,333,0,16
1510887332452,372,HTTP Request,200,OK,loadDashboard 1-180,text,true,,45177,131,1,1,345,0,12
1510887333054,371,HTTP Request,200,OK,loadDashboard 1-181,text,true,,45177,131,1,1,342,0,8
1510887333652,375,HTTP Request,200,OK,loadDashboard 1-182,text,true,,45177,131,1,1,343,0,10
1510887334254,405,HTTP Request,200,OK,loadDashboard 1-183,text,true,,45177,131,1,1,374,0,32
1510887334854,377,HTTP Request,200,OK,loadDashboard 1-184,text,true,,45177,131,1,1,346,0,10
1510887335456,389,HTTP Request,200,OK,loadDashboard 1-185,text,true,,45177,131,1,1,352,0,15
1510887336053,395,HTTP Request,200,OK,loadDashboard 1-186,text,true,,45177,131,1,1,364,0,14
1510887336653,401,HTTP Request,200,OK,loadDashboard 1-187,text,true,,45177,131,1,1,376,0,21
1510887337253,363,HTTP Request,200,OK,loadDashboard 1-188,text,true,,45177,131,1,1,339,0,8
1510887337853,392,HTTP Request,200,OK,loadDashboard 1-189,text,true,,45177,131,1,1,350,0,9
1510887338454,369,HTTP Request,200,OK,loadDashboard 1-190,text,true,,45177,131,1,1,330,0,9
1510887339054,380,HTTP Request,200,OK,loadDashboard 1-191,text,true,,45177,131,1,1,346,0,10
1510887339654,387,HTTP Request,200,OK,loadDashboard 1-192,text,true,,45177,131,1,1,360,0,15
1510887340254,373,HTTP Request,200,OK,loadDashboard 1-193,text,true,,45177,131,1,1,345,0,19
1510887340855,383,HTTP Request,200,OK,loadDashboard 1-194,text,true,,45177,131,1,1,352,0,10
1510887341453,390,HTTP Request,200,OK,loadDashboard 1-195,text,true,,45177,131,1,1,358,0,9
1510887342056,403,HTTP Request,200,OK,loadDashboard 1-196,text,true,,45177,131,1,1,362,0,11
1510887342656,389,HTTP Request,200,OK,loadDashboard 1-197,text,true,,45177,131,1,1,355,0,22
1510887343255,368,HTTP Request,200,OK,loadDashboard 1-198,text,true,,45177,131,1,1,343,0,16
1510887343853,353,HTTP Request,200,OK,loadDashboard 1-199,text,true,,45177,131,1,1,333,0,10
1510887344466,365,HTTP Request,200,OK,loadDashboard 1-200,text,true,,45177,131,1,1,340,0,10
1510887345055,364,HTTP Request,200,OK,loadDashboard 1-201,text,true,,45177,131,1,1,339,0,16
1510887345672,389,HTTP Request,200,OK,loadDashboard 1-202,text,true,,45177,131,1,1,356,0,16
1510887346270,408,HTTP Request,200,OK,loadDashboard 1-203,text,true,,45177,131,1,1,369,0,20
1510887346853,396,HTTP Request,200,OK,loadDashboard 1-204,text,true,,45177,131,1,1,363,0,20
1510887347469,420,HTTP Request,200,OK,loadDashboard 1-205,text,true,,45177,131,1,1,394,0,17
1510887348070,368,HTTP Request,200,OK,loadDashboard 1-206,text,true,,45177,131,1,1,337,0,13
1510887348654,366,HTTP Request,200,OK,loadDashboard 1-207,text,true,,45177,131,1,1,342,0,15
1510887349269,354,HTTP Request,200,OK,loadDashboard 1-208,text,true,,45177,131,1,1,332,0,14
1510887349867,378,HTTP Request,200,OK,loadDashboard 1-209,text,true,,45177,131,1,1,346,0,15
1510887350470,401,HTTP Request,200,OK,loadDashboard 1-210,text,true,,45177,131,1,1,377,0,10
1510887351054,408,HTTP Request,200,OK,loadDashboard 1-211,text,true,,45177,131,1,1,381,0,13
1510887351670,364,HTTP Request,200,OK,loadDashboard 1-212,text,true,,45177,131,1,1,339,0,13
1510887352290,379,HTTP Request,200,OK,loadDashboard 1-213,text,true,,45177,131,1,1,347,0,10
1510887352852,373,HTTP Request,200,OK,loadDashboard 1-214,text,true,,45177,131,1,1,352,0,20
1510887353453,390,HTTP Request,200,OK,loadDashboard 1-215,text,true,,45177,131,1,1,363,0,13
1510887354070,365,HTTP Request,200,OK,loadDashboard 1-216,text,true,,45177,131,1,1,345,0,11
1510887354654,364,HTTP Request,200,OK,loadDashboard 1-217,text,true,,45177,131,1,1,333,0,11
1510887355257,394,HTTP Request,200,OK,loadDashboard 1-218,text,true,,45177,131,1,1,349,0,16
1510887355870,383,HTTP Request,200,OK,loadDashboard 1-219,text,true,,45177,131,1,1,350,0,17
1510887356453,381,HTTP Request,200,OK,loadDashboard 1-220,text,true,,45177,131,1,1,353,0,18
1510887357071,360,HTTP Request,200,OK,loadDashboard 1-221,text,true,,45177,131,1,1,339,0,11
1510887357671,377,HTTP Request,200,OK,loadDashboard 1-222,text,true,,45177,131,1,1,352,0,20
1510887358270,423,HTTP Request,200,OK,loadDashboard 1-223,text,true,,45177,131,1,1,394,0,16
1510887358868,367,HTTP Request,200,OK,loadDashboard 1-224,text,true,,45177,131,1,1,335,0,10
1510887359468,403,HTTP Request,200,OK,loadDashboard 1-225,text,true,,45177,131,1,1,373,0,10
1510887360069,361,HTTP Request,200,OK,loadDashboard 1-226,text,true,,45177,131,1,1,334,0,9
1510887360668,364,HTTP Request,200,OK,loadDashboard 1-227,text,true,,45177,131,1,1,340,0,9
1510887361268,425,HTTP Request,200,OK,loadDashboard 1-228,text,true,,45177,131,1,1,384,0,15
1510887361869,384,HTTP Request,200,OK,loadDashboard 1-229,text,true,,45177,131,1,1,357,0,16
1510887362468,365,HTTP Request,200,OK,loadDashboard 1-230,text,true,,45177,131,1,1,335,0,14
1510887363068,392,HTTP Request,200,OK,loadDashboard 1-231,text,true,,45177,131,1,1,352,0,13
1510887363669,425,HTTP Request,200,OK,loadDashboard 1-232,text,true,,45177,131,1,1,370,0,15
1510887364270,390,HTTP Request,200,OK,loadDashboard 1-233,text,true,,45177,131,1,1,361,0,8
1510887364868,357,HTTP Request,200,OK,loadDashboard 1-234,text,true,,45177,131,1,1,336,0,11
1510887365469,413,HTTP Request,200,OK,loadDashboard 1-235,text,true,,45177,131,1,1,375,0,26
1510887366067,385,HTTP Request,200,OK,loadDashboard 1-236,text,true,,45177,131,1,1,358,0,20
1510887366669,369,HTTP Request,200,OK,loadDashboard 1-237,text,true,,45177,131,1,1,351,0,11
1510887367267,382,HTTP Request,200,OK,loadDashboard 1-238,text,true,,45177,131,1,1,348,0,20
1510887367868,376,HTTP Request,200,OK,loadDashboard 1-239,text,true,,45177,131,1,1,336,0,12
1510887368468,379,HTTP Request,200,OK,loadDashboard 1-240,text,true,,45177,131,1,1,351,0,8
1510887369068,367,HTTP Request,200,OK,loadDashboard 1-241,text,true,,45177,131,1,1,345,0,13
1510887369669,411,HTTP Request,200,OK,loadDashboard 1-242,text,true,,45177,131,1,1,368,0,25
1510887370268,393,HTTP Request,200,OK,loadDashboard 1-243,text,true,,45177,131,1,1,362,0,13
1510887370868,382,HTTP Request,200,OK,loadDashboard 1-244,text,true,,45177,131,1,1,354,0,10
1510887371470,368,HTTP Request,200,OK,loadDashboard 1-245,text,true,,45177,131,1,1,331,0,17
1510887372068,362,HTTP Request,200,OK,loadDashboard 1-246,text,true,,45177,131,1,1,336,0,6
1510887372669,388,HTTP Request,200,OK,loadDashboard 1-247,text,true,,45177,131,1,1,353,0,15
1510887373269,359,HTTP Request,200,OK,loadDashboard 1-248,text,true,,45177,131,1,1,339,0,9
1510887373875,362,HTTP Request,200,OK,loadDashboard 1-249,text,true,,45177,131,1,1,339,0,8
1510887374470,371,HTTP Request,200,OK,loadDashboard 1-250,text,true,,45177,131,1,1,343,0,14
1510887375070,381,HTTP Request,200,OK,loadDashboard 1-251,text,true,,45177,131,1,1,354,0,7
1510887375669,373,HTTP Request,200,OK,loadDashboard 1-252,text,true,,45177,131,1,1,349,0,13
1510887376268,372,HTTP Request,200,OK,loadDashboard 1-253,text,true,,45177,131,1,1,344,0,10
1510887376869,386,HTTP Request,200,OK,loadDashboard 1-254,text,true,,45177,131,1,1,347,0,13
1510887377469,351,HTTP Request,200,OK,loadDashboard 1-255,text,true,,45177,131,1,1,329,0,9
1510887378070,404,HTTP Request,200,OK,loadDashboard 1-256,text,true,,45177,131,1,1,379,0,10
1510887378672,374,HTTP Request,200,OK,loadDashboard 1-257,text,true,,45177,131,1,1,341,0,13
1510887379269,360,HTTP Request,200,OK,loadDashboard 1-258,text,true,,45177,131,1,1,336,0,11
1510887379868,372,HTTP Request,200,OK,loadDashboard 1-259,text,true,,45177,131,1,1,341,0,19
1510887380469,386,HTTP Request,200,OK,loadDashboard 1-260,text,true,,45177,131,1,1,354,0,12
1510887381068,397,HTTP Request,200,OK,loadDashboard 1-261,text,true,,45177,131,1,1,369,0,18
1510887381670,366,HTTP Request,200,OK,loadDashboard 1-262,text,true,,45177,131,1,1,338,0,8
1510887382268,408,HTTP Request,200,OK,loadDashboard 1-263,text,true,,45177,131,1,1,375,0,16
1510887382870,391,HTTP Request,200,OK,loadDashboard 1-264,text,true,,45177,131,1,1,367,0,14
1510887383487,375,HTTP Request,200,OK,loadDashboard 1-265,text,true,,45177,131,1,1,349,0,22
1510887384083,383,HTTP Request,200,OK,loadDashboard 1-266,text,true,,45177,131,1,1,362,0,19
1510887384684,378,HTTP Request,200,OK,loadDashboard 1-267,text,true,,45177,131,1,1,354,0,14
1510887385286,372,HTTP Request,200,OK,loadDashboard 1-268,text,true,,45177,131,1,1,337,0,14
1510887385885,387,HTTP Request,200,OK,loadDashboard 1-269,text,true,,45177,131,1,1,356,0,10
1510887386487,370,HTTP Request,200,OK,loadDashboard 1-270,text,true,,45177,131,1,1,340,0,8
1510887387084,371,HTTP Request,200,OK,loadDashboard 1-271,text,true,,45177,131,1,1,343,0,11
1510887387687,393,HTTP Request,200,OK,loadDashboard 1-272,text,true,,45177,131,1,1,356,0,14
1510887388289,373,HTTP Request,200,OK,loadDashboard 1-273,text,true,,45177,131,1,1,351,0,18
1510887388888,371,HTTP Request,200,OK,loadDashboard 1-274,text,true,,45177,131,1,1,349,0,8
1510887389489,398,HTTP Request,200,OK,loadDashboard 1-275,text,true,,45177,131,1,1,352,0,23
1510887390089,368,HTTP Request,200,OK,loadDashboard 1-276,text,true,,45177,131,1,1,331,0,12
1510887390688,394,HTTP Request,200,OK,loadDashboard 1-277,text,true,,45177,131,1,1,342,0,19
1510887391288,380,HTTP Request,200,OK,loadDashboard 1-278,text,true,,45177,131,1,1,351,0,10
1510887391887,438,HTTP Request,200,OK,loadDashboard 1-279,text,true,,45177,131,1,1,414,0,12
1510887392488,440,HTTP Request,200,OK,loadDashboard 1-280,text,true,,45177,131,1,1,395,0,14
1510887393090,369,HTTP Request,200,OK,loadDashboard 1-281,text,true,,45177,131,1,1,339,0,8
1510887393688,376,HTTP Request,200,OK,loadDashboard 1-282,text,true,,45177,131,1,1,346,0,6
1510887394288,384,HTTP Request,200,OK,loadDashboard 1-283,text,true,,45177,131,1,1,349,0,10
1510887394896,363,HTTP Request,200,OK,loadDashboard 1-284,text,true,,45177,131,1,1,335,0,13
1510887395490,356,HTTP Request,200,OK,loadDashboard 1-285,text,true,,45177,131,1,1,329,0,9
1510887396091,370,HTTP Request,200,OK,loadDashboard 1-286,text,true,,45177,131,1,1,344,0,14
1510887397291,382,HTTP Request,200,OK,loadDashboard 1-288,text,true,,45177,131,2,2,347,0,11
1510887396691,1475,HTTP Request,200,OK,loadDashboard 1-287,text,true,,45177,131,2,2,1441,0,1009
1510887397891,461,HTTP Request,200,OK,loadDashboard 1-289,text,true,,45177,131,1,1,423,0,10
1510887398492,379,HTTP Request,200,OK,loadDashboard 1-290,text,true,,45177,131,1,1,353,0,9
1510887399093,400,HTTP Request,200,OK,loadDashboard 1-291,text,true,,45177,131,1,1,367,0,13
1510887399691,386,HTTP Request,200,OK,loadDashboard 1-292,text,true,,45177,131,1,1,357,0,7
1510887400290,390,HTTP Request,200,OK,loadDashboard 1-293,text,true,,45177,131,1,1,357,0,14
1510887400892,395,HTTP Request,200,OK,loadDashboard 1-294,text,true,,45177,131,1,1,359,0,12
1510887401491,375,HTTP Request,200,OK,loadDashboard 1-295,text,true,,45177,131,1,1,352,0,24
1510887402091,370,HTTP Request,200,OK,loadDashboard 1-296,text,true,,45177,131,1,1,339,0,11
1510887402693,392,HTTP Request,200,OK,loadDashboard 1-297,text,true,,45177,131,1,1,349,0,16
1510887403293,397,HTTP Request,200,OK,loadDashboard 1-298,text,true,,45177,131,1,1,351,0,12
1510887403893,359,HTTP Request,200,OK,loadDashboard 1-299,text,true,,45177,131,1,1,334,0,11
1510887404491,381,HTTP Request,200,OK,loadDashboard 1-300,text,true,,45177,131,1,1,353,0,11
1510887405092,367,HTTP Request,200,OK,loadDashboard 1-301,text,true,,45177,131,1,1,346,0,17
1510887405693,387,HTTP Request,200,OK,loadDashboard 1-302,text,true,,45177,131,1,1,352,0,11
1510887406294,377,HTTP Request,200,OK,loadDashboard 1-303,text,true,,45177,131,1,1,356,0,14
1510887406894,382,HTTP Request,200,OK,loadDashboard 1-304,text,true,,45177,131,1,1,342,0,14
1510887407494,392,HTTP Request,200,OK,loadDashboard 1-305,text,true,,45177,131,1,1,354,0,14
1510887408096,383,HTTP Request,200,OK,loadDashboard 1-306,text,true,,45177,131,1,1,355,0,18
1510887408695,360,HTTP Request,200,OK,loadDashboard 1-307,text,true,,45177,131,1,1,336,0,9
1510887409298,405,HTTP Request,200,OK,loadDashboard 1-308,text,true,,45177,131,1,1,368,0,10
1510887409896,378,HTTP Request,200,OK,loadDashboard 1-309,text,true,,45177,131,1,1,353,0,15
1510887410497,368,HTTP Request,200,OK,loadDashboard 1-310,text,true,,45177,131,1,1,347,0,21
1510887411097,391,HTTP Request,200,OK,loadDashboard 1-311,text,true,,45177,131,1,1,358,0,24
1510887411699,366,HTTP Request,200,OK,loadDashboard 1-312,text,true,,45177,131,1,1,329,0,10
1510887412300,385,HTTP Request,200,OK,loadDashboard 1-313,text,true,,45177,131,1,1,351,0,16
1510887412897,380,HTTP Request,200,OK,loadDashboard 1-314,text,true,,45177,131,1,1,348,0,11
1510887413496,368,HTTP Request,200,OK,loadDashboard 1-315,text,true,,45177,131,1,1,346,0,12
1510887414096,367,HTTP Request,200,OK,loadDashboard 1-316,text,true,,45177,131,1,1,342,0,16
1510887414698,368,HTTP Request,200,OK,loadDashboard 1-317,text,true,,45177,131,1,1,346,0,11
1510887415302,371,HTTP Request,200,OK,loadDashboard 1-318,text,true,,45177,131,1,1,344,0,23
1510887415897,381,HTTP Request,200,OK,loadDashboard 1-319,text,true,,45177,131,1,1,341,0,7
1510887416497,391,HTTP Request,200,OK,loadDashboard 1-320,text,true,,45177,131,1,1,344,0,10
1510887417096,354,HTTP Request,200,OK,loadDashboard 1-321,text,true,,45177,131,1,1,330,0,9
1510887417717,414,HTTP Request,200,OK,loadDashboard 1-322,text,true,,45177,131,1,1,383,0,11
1510887418298,366,HTTP Request,200,OK,loadDashboard 1-323,text,true,,45177,131,1,1,343,0,10
1510887418899,380,HTTP Request,200,OK,loadDashboard 1-324,text,true,,45177,131,1,1,353,0,15
1510887419499,375,HTTP Request,200,OK,loadDashboard 1-325,text,true,,45177,131,1,1,353,0,8
1510887420098,379,HTTP Request,200,OK,loadDashboard 1-326,text,true,,45177,131,1,1,352,0,9
1510887420700,375,HTTP Request,200,OK,loadDashboard 1-327,text,true,,45177,131,1,1,331,0,9
1510887421301,449,HTTP Request,200,OK,loadDashboard 1-328,text,true,,45177,131,1,1,425,0,8
1510887421901,420,HTTP Request,200,OK,loadDashboard 1-329,text,true,,45177,131,1,1,374,0,31
1510887422500,374,HTTP Request,200,OK,loadDashboard 1-330,text,true,,45177,131,1,1,346,0,13
1510887423105,427,HTTP Request,200,OK,loadDashboard 1-331,text,true,,45177,131,1,1,386,0,13
1510887423700,376,HTTP Request,200,OK,loadDashboard 1-332,text,true,,45177,131,1,1,349,0,15
1510887424301,381,HTTP Request,200,OK,loadDashboard 1-333,text,true,,45177,131,1,1,348,0,9
1510887424902,426,HTTP Request,200,OK,loadDashboard 1-334,text,true,,45177,131,1,1,399,0,13
1510887425502,408,HTTP Request,200,OK,loadDashboard 1-335,text,true,,45177,131,1,1,364,0,14
1510887426100,361,HTTP Request,200,OK,loadDashboard 1-336,text,true,,45177,131,1,1,339,0,9
1510887426703,375,HTTP Request,200,OK,loadDashboard 1-337,text,true,,45177,131,1,1,349,0,20
1510887427305,371,HTTP Request,200,OK,loadDashboard 1-338,text,true,,45177,131,1,1,348,0,18
1510887427904,390,HTTP Request,200,OK,loadDashboard 1-339,text,true,,45177,131,1,1,366,0,8
1510887428503,376,HTTP Request,200,OK,loadDashboard 1-340,text,true,,45177,131,1,1,346,0,10
1510887429103,378,HTTP Request,200,OK,loadDashboard 1-341,text,true,,45177,131,1,1,346,0,9
1510887429704,409,HTTP Request,200,OK,loadDashboard 1-342,text,true,,45177,131,1,1,354,0,14
1510887430305,374,HTTP Request,200,OK,loadDashboard 1-343,text,true,,45177,131,1,1,337,0,11
1510887430907,445,HTTP Request,200,OK,loadDashboard 1-344,text,true,,45177,131,1,1,419,0,51
1510887431504,387,HTTP Request,200,OK,loadDashboard 1-345,text,true,,45177,131,1,1,353,0,23
1510887432108,383,HTTP Request,200,OK,loadDashboard 1-346,text,true,,45177,131,1,1,356,0,15
1510887432706,357,HTTP Request,200,OK,loadDashboard 1-347,text,true,,45177,131,1,1,327,0,10
1510887433306,389,HTTP Request,200,OK,loadDashboard 1-348,text,true,,45177,131,1,1,366,0,10
1510887433906,376,HTTP Request,200,OK,loadDashboard 1-349,text,true,,45177,131,1,1,349,0,12
1510887434506,367,HTTP Request,200,OK,loadDashboard 1-350,text,true,,45177,131,1,1,340,0,7
1510887435105,348,HTTP Request,200,OK,loadDashboard 1-351,text,true,,45177,131,1,1,326,0,13
1510887435706,352,HTTP Request,200,OK,loadDashboard 1-352,text,true,,45177,131,1,1,329,0,8
1510887436308,362,HTTP Request,200,OK,loadDashboard 1-353,text,true,,45177,131,1,1,336,0,9
1510887436909,391,HTTP Request,200,OK,loadDashboard 1-354,text,true,,45177,131,1,1,347,0,10
1510887437508,378,HTTP Request,200,OK,loadDashboard 1-355,text,true,,45177,131,1,1,351,0,8
1510887438107,366,HTTP Request,200,OK,loadDashboard 1-356,text,true,,45177,131,1,1,334,0,8
1510887438762,360,HTTP Request,200,OK,loadDashboard 1-357,text,true,,45177,131,1,1,336,0,10
1510887439315,357,HTTP Request,200,OK,loadDashboard 1-358,text,true,,45177,131,1,1,336,0,9
1510887439908,390,HTTP Request,200,OK,loadDashboard 1-359,text,true,,45177,131,1,1,356,0,18
1510887442309,2848,HTTP Request,200,OK,loadDashboard 1-363,text,true,,45177,131,8,8,2810,0,1203
1510887441109,4291,HTTP Request,200,OK,loadDashboard 1-361,text,true,,45177,131,8,8,4271,0,2403
1510887442909,2558,HTTP Request,200,OK,loadDashboard 1-364,text,true,,45177,131,7,7,2531,0,604
1510887441709,3859,HTTP Request,200,OK,loadDashboard 1-362,text,true,,45177,131,6,6,3810,0,1804
1510887440508,5084,HTTP Request,200,OK,loadDashboard 1-360,text,true,,45177,131,5,5,5051,0,3003
1510887443509,2142,HTTP Request,200,OK,loadDashboard 1-365,text,true,,45177,131,4,4,2111,0,16
1510887444113,1742,HTTP Request,200,OK,loadDashboard 1-366,text,true,,45177,131,3,3,1708,0,13
1510887444709,1397,HTTP Request,200,OK,loadDashboard 1-367,text,true,,45177,131,3,3,1373,0,11
1510887445310,989,HTTP Request,200,OK,loadDashboard 1-368,text,true,,45177,131,2,2,969,0,10
1510887445908,513,HTTP Request,200,OK,loadDashboard 1-369,text,true,,45177,131,1,1,494,0,12
1510887446507,362,HTTP Request,200,OK,loadDashboard 1-370,text,true,,45177,131,1,1,324,0,9
1510887447107,377,HTTP Request,200,OK,loadDashboard 1-371,text,true,,45177,131,1,1,344,0,11
1510887447707,364,HTTP Request,200,OK,loadDashboard 1-372,text,true,,45177,131,1,1,339,0,11
1510887448308,370,HTTP Request,200,OK,loadDashboard 1-373,text,true,,45177,131,1,1,346,0,14
1510887448907,358,HTTP Request,200,OK,loadDashboard 1-374,text,true,,45177,131,1,1,336,0,10
1510887449509,383,HTTP Request,200,OK,loadDashboard 1-375,text,true,,45177,131,1,1,361,0,17
1510887450108,372,HTTP Request,200,OK,loadDashboard 1-376,text,true,,45177,131,1,1,339,0,17
1510887450708,393,HTTP Request,200,OK,loadDashboard 1-377,text,true,,45177,131,1,1,350,0,8
1510887451309,392,HTTP Request,200,OK,loadDashboard 1-378,text,true,,45177,131,1,1,358,0,9
1510887451910,422,HTTP Request,200,OK,loadDashboard 1-379,text,true,,45177,131,1,1,399,0,12
1510887452521,395,HTTP Request,200,OK,loadDashboard 1-380,text,true,,45177,131,1,1,369,0,10
1510887453108,390,HTTP Request,200,OK,loadDashboard 1-381,text,true,,45177,131,1,1,357,0,21
1510887453709,380,HTTP Request,200,OK,loadDashboard 1-382,text,true,,45177,131,1,1,338,0,11
1510887454309,373,HTTP Request,200,OK,loadDashboard 1-383,text,true,,45177,131,1,1,346,0,9
1510887454909,376,HTTP Request,200,OK,loadDashboard 1-384,text,true,,45177,131,1,1,343,0,10
1510887455508,373,HTTP Request,200,OK,loadDashboard 1-385,text,true,,45177,131,1,1,337,0,10
1510887456108,397,HTTP Request,200,OK,loadDashboard 1-386,text,true,,45177,131,1,1,342,0,9
1510887456707,375,HTTP Request,200,OK,loadDashboard 1-387,text,true,,45177,131,1,1,349,0,17
1510887457309,405,HTTP Request,200,OK,loadDashboard 1-388,text,true,,45177,131,1,1,365,0,17
1510887457907,378,HTTP Request,200,OK,loadDashboard 1-389,text,true,,45177,131,1,1,356,0,12
1510887458510,375,HTTP Request,200,OK,loadDashboard 1-390,text,true,,45177,131,1,1,353,0,14
1510887459110,388,HTTP Request,200,OK,loadDashboard 1-391,text,true,,45177,131,1,1,366,0,16
1510887459708,371,HTTP Request,200,OK,loadDashboard 1-392,text,true,,45177,131,1,1,339,0,8
1510887460310,384,HTTP Request,200,OK,loadDashboard 1-393,text,true,,45177,131,1,1,351,0,8
1510887460910,375,HTTP Request,200,OK,loadDashboard 1-394,text,true,,45177,131,1,1,346,0,9
1510887461508,354,HTTP Request,200,OK,loadDashboard 1-395,text,true,,45177,131,1,1,327,0,10
1510887462110,378,HTTP Request,200,OK,loadDashboard 1-396,text,true,,45177,131,1,1,352,0,9
1510887462709,375,HTTP Request,200,OK,loadDashboard 1-397,text,true,,45177,131,1,1,350,0,15
1510887463309,385,HTTP Request,200,OK,loadDashboard 1-398,text,true,,45177,131,1,1,355,0,9
1510887463910,387,HTTP Request,200,OK,loadDashboard 1-399,text,true,,45177,131,1,1,355,0,15
1510887464508,367,HTTP Request,200,OK,loadDashboard 1-400,text,true,,45177,131,1,1,342,0,12
1510887465116,362,HTTP Request,200,OK,loadDashboard 1-401,text,true,,45177,131,1,1,338,0,9
1510887465707,396,HTTP Request,200,OK,loadDashboard 1-402,text,true,,45177,131,1,1,370,0,9
1510887466309,450,HTTP Request,200,OK,loadDashboard 1-403,text,true,,45177,131,1,1,408,0,10
1510887466907,377,HTTP Request,200,OK,loadDashboard 1-404,text,true,,45177,131,1,1,358,0,18
1510887467508,377,HTTP Request,200,OK,loadDashboard 1-405,text,true,,45177,131,1,1,354,0,9
1510887468108,385,HTTP Request,200,OK,loadDashboard 1-406,text,true,,45177,131,1,1,355,0,11
1510887468708,384,HTTP Request,200,OK,loadDashboard 1-407,text,true,,45177,131,1,1,341,0,7
1510887469307,370,HTTP Request,200,OK,loadDashboard 1-408,text,true,,45177,131,1,1,343,0,14
1510887469907,397,HTTP Request,200,OK,loadDashboard 1-409,text,true,,45177,131,1,1,369,0,13
1510887470509,357,HTTP Request,200,OK,loadDashboard 1-410,text,true,,45177,131,1,1,333,0,9
1510887471109,398,HTTP Request,200,OK,loadDashboard 1-411,text,true,,45177,131,1,1,371,0,19
1510887471709,389,HTTP Request,200,OK,loadDashboard 1-412,text,true,,45177,131,1,1,351,0,19
1510887472308,360,HTTP Request,200,OK,loadDashboard 1-413,text,true,,45177,131,1,1,334,0,9
1510887472908,380,HTTP Request,200,OK,loadDashboard 1-414,text,true,,45177,131,1,1,352,0,9
1510887473508,372,HTTP Request,200,OK,loadDashboard 1-415,text,true,,45177,131,1,1,347,0,10
1510887474112,356,HTTP Request,200,OK,loadDashboard 1-416,text,true,,45177,131,1,1,331,0,14
1510887474717,372,HTTP Request,200,OK,loadDashboard 1-417,text,true,,45177,131,1,1,348,0,10
1510887475322,397,HTTP Request,200,OK,loadDashboard 1-418,text,true,,45177,131,1,1,368,0,8
1510887475907,370,HTTP Request,200,OK,loadDashboard 1-419,text,true,,45177,131,1,1,339,0,9
1510887476509,397,HTTP Request,200,OK,loadDashboard 1-420,text,true,,45177,131,1,1,366,0,9
1510887477126,400,HTTP Request,200,OK,loadDashboard 1-421,text,true,,45177,131,1,1,347,0,14
1510887477707,367,HTTP Request,200,OK,loadDashboard 1-422,text,true,,45177,131,1,1,345,0,16
1510887478322,392,HTTP Request,200,OK,loadDashboard 1-423,text,true,,45177,131,1,1,358,0,16
1510887478923,388,HTTP Request,200,OK,loadDashboard 1-424,text,true,,45177,131,1,1,356,0,17
1510887479507,367,HTTP Request,200,OK,loadDashboard 1-425,text,true,,45177,131,1,1,344,0,8
1510887480122,373,HTTP Request,200,OK,loadDashboard 1-426,text,true,,45177,131,1,1,343,0,12
1510887480723,375,HTTP Request,200,OK,loadDashboard 1-427,text,true,,45177,131,1,1,344,0,11
1510887481325,408,HTTP Request,200,OK,loadDashboard 1-428,text,true,,45177,131,1,1,381,0,8
1510887481924,357,HTTP Request,200,OK,loadDashboard 1-429,text,true,,45177,131,1,1,329,0,9
1510887482529,404,HTTP Request,200,OK,loadDashboard 1-430,text,true,,45177,131,1,1,371,0,10
1510887483126,395,HTTP Request,200,OK,loadDashboard 1-431,text,true,,45177,131,1,1,363,0,29
1510887483728,377,HTTP Request,200,OK,loadDashboard 1-432,text,true,,45177,131,1,1,353,0,29
1510887484333,397,HTTP Request,200,OK,loadDashboard 1-433,text,true,,45177,131,1,1,371,0,36
1510887484927,388,HTTP Request,200,OK,loadDashboard 1-434,text,true,,45177,131,1,1,355,0,16
1510887485529,383,HTTP Request,200,OK,loadDashboard 1-435,text,true,,45177,131,1,1,355,0,11
1510887486128,382,HTTP Request,200,OK,loadDashboard 1-436,text,true,,45177,131,1,1,329,0,11
1510887486729,371,HTTP Request,200,OK,loadDashboard 1-437,text,true,,45177,131,1,1,338,0,9
1510887487335,374,HTTP Request,200,OK,loadDashboard 1-438,text,true,,45177,131,1,1,332,0,10
1510887487928,386,HTTP Request,200,OK,loadDashboard 1-439,text,true,,45177,131,1,1,341,0,11
1510887488530,365,HTTP Request,200,OK,loadDashboard 1-440,text,true,,45177,131,1,1,344,0,10
1510887489129,370,HTTP Request,200,OK,loadDashboard 1-441,text,true,,45177,131,1,1,350,0,9
1510887489729,372,HTTP Request,200,OK,loadDashboard 1-442,text,true,,45177,131,1,1,343,0,12
1510887490329,387,HTTP Request,200,OK,loadDashboard 1-443,text,true,,45177,131,1,1,358,0,9
1510887490929,383,HTTP Request,200,OK,loadDashboard 1-444,text,true,,45177,131,1,1,353,0,10
1510887491531,360,HTTP Request,200,OK,loadDashboard 1-445,text,true,,45177,131,1,1,334,0,13
1510887492131,351,HTTP Request,200,OK,loadDashboard 1-446,text,true,,45177,131,1,1,332,0,9
1510887492732,379,HTTP Request,200,OK,loadDashboard 1-447,text,true,,45177,131,1,1,352,0,13
1510887493329,363,HTTP Request,200,OK,loadDashboard 1-448,text,true,,45177,131,1,1,328,0,10
1510887493930,380,HTTP Request,200,OK,loadDashboard 1-449,text,true,,45177,131,1,1,353,0,15
1510887494531,364,HTTP Request,200,OK,loadDashboard 1-450,text,true,,45177,131,1,1,331,0,7
1510887495131,377,HTTP Request,200,OK,loadDashboard 1-451,text,true,,45177,131,1,1,344,0,16
1510887495731,369,HTTP Request,200,OK,loadDashboard 1-452,text,true,,45177,131,1,1,346,0,8
1510887496338,384,HTTP Request,200,OK,loadDashboard 1-453,text,true,,45177,131,1,1,361,0,8
1510887496930,372,HTTP Request,200,OK,loadDashboard 1-454,text,true,,45177,131,1,1,340,0,11
1510887497530,369,HTTP Request,200,OK,loadDashboard 1-455,text,true,,45177,131,1,1,345,0,8
1510887498132,373,HTTP Request,200,OK,loadDashboard 1-456,text,true,,45177,131,1,1,336,0,17
1510887498732,385,HTTP Request,200,OK,loadDashboard 1-457,text,true,,45177,131,1,1,336,0,8
1510887499333,384,HTTP Request,200,OK,loadDashboard 1-458,text,true,,45177,131,1,1,350,0,9
1510887499933,359,HTTP Request,200,OK,loadDashboard 1-459,text,true,,45177,131,1,1,335,0,10
1510887500532,370,HTTP Request,200,OK,loadDashboard 1-460,text,true,,45177,131,1,1,350,0,11
1510887501134,366,HTTP Request,200,OK,loadDashboard 1-461,text,true,,45177,131,1,1,345,0,11
1510887501732,365,HTTP Request,200,OK,loadDashboard 1-462,text,true,,45177,131,1,1,341,0,14
1510887502334,416,HTTP Request,200,OK,loadDashboard 1-463,text,true,,45177,131,1,1,393,0,10
1510887502934,377,HTTP Request,200,OK,loadDashboard 1-464,text,true,,45177,131,1,1,341,0,16
1510887503535,371,HTTP Request,200,OK,loadDashboard 1-465,text,true,,45177,131,1,1,338,0,7
1510887504135,423,HTTP Request,200,OK,loadDashboard 1-466,text,true,,45177,131,1,1,389,0,8
1510887504736,364,HTTP Request,200,OK,loadDashboard 1-467,text,true,,45177,131,1,1,345,0,14
1510887505336,379,HTTP Request,200,OK,loadDashboard 1-468,text,true,,45177,131,1,1,353,0,8
1510887505937,359,HTTP Request,200,OK,loadDashboard 1-469,text,true,,45177,131,1,1,335,0,10
1510887506536,414,HTTP Request,200,OK,loadDashboard 1-470,text,true,,45177,131,1,1,387,0,22
1510887507137,372,HTTP Request,200,OK,loadDashboard 1-471,text,true,,45177,131,1,1,341,0,9
1510887507739,371,HTTP Request,200,OK,loadDashboard 1-472,text,true,,45177,131,1,1,333,0,9
1510887508338,370,HTTP Request,200,OK,loadDashboard 1-473,text,true,,45177,131,1,1,344,0,9
1510887508937,375,HTTP Request,200,OK,loadDashboard 1-474,text,true,,45177,131,1,1,350,0,14
1510887509544,381,HTTP Request,200,OK,loadDashboard 1-475,text,true,,45177,131,1,1,352,0,29
1510887510137,410,HTTP Request,200,OK,loadDashboard 1-476,text,true,,45177,131,1,1,362,0,19
1510887510736,398,HTTP Request,200,OK,loadDashboard 1-477,text,true,,45177,131,1,1,372,0,9
1510887511338,405,HTTP Request,200,OK,loadDashboard 1-478,text,true,,45177,131,1,1,370,0,10
1510887511936,415,HTTP Request,200,OK,loadDashboard 1-479,text,true,,45177,131,1,1,392,0,12
1510887512537,391,HTTP Request,200,OK,loadDashboard 1-480,text,true,,45177,131,1,1,335,0,9
1510887513146,373,HTTP Request,200,OK,loadDashboard 1-481,text,true,,45177,131,1,1,351,0,11
1510887513741,376,HTTP Request,200,OK,loadDashboard 1-482,text,true,,45177,131,1,1,352,0,16
1510887514337,402,HTTP Request,200,OK,loadDashboard 1-483,text,true,,45177,131,1,1,378,0,14
1510887514938,369,HTTP Request,200,OK,loadDashboard 1-484,text,true,,45177,131,1,1,335,0,9
1510887515537,377,HTTP Request,200,OK,loadDashboard 1-485,text,true,,45177,131,1,1,351,0,9
1510887516135,386,HTTP Request,200,OK,loadDashboard 1-486,text,true,,45177,131,1,1,344,0,8
1510887516737,375,HTTP Request,200,OK,loadDashboard 1-487,text,true,,45177,131,1,1,345,0,14
1510887517338,378,HTTP Request,200,OK,loadDashboard 1-488,text,true,,45177,131,1,1,344,0,10
1510887517938,357,HTTP Request,200,OK,loadDashboard 1-489,text,true,,45177,131,1,1,332,0,10
1510887518537,392,HTTP Request,200,OK,loadDashboard 1-490,text,true,,45177,131,1,1,362,0,29
1510887519140,373,HTTP Request,200,OK,loadDashboard 1-491,text,true,,45177,131,1,1,342,0,16
1510887519747,364,HTTP Request,200,OK,loadDashboard 1-492,text,true,,45177,131,1,1,329,0,8
1510887520337,389,HTTP Request,200,OK,loadDashboard 1-493,text,true,,45177,131,1,1,353,0,9
1510887520938,395,HTTP Request,200,OK,loadDashboard 1-494,text,true,,45177,131,1,1,364,0,13
1510887521537,369,HTTP Request,200,OK,loadDashboard 1-495,text,true,,45177,131,1,1,340,0,9
1510887522138,386,HTTP Request,200,OK,loadDashboard 1-496,text,true,,45177,131,1,1,359,0,23
1510887522736,387,HTTP Request,200,OK,loadDashboard 1-497,text,true,,45177,131,1,1,360,0,10
1510887523337,368,HTTP Request,200,OK,loadDashboard 1-498,text,true,,45177,131,1,1,333,0,14
1510887523938,381,HTTP Request,200,OK,loadDashboard 1-499,text,true,,45177,131,1,1,346,0,10
1510887524537,380,HTTP Request,200,OK,loadDashboard 1-500,text,true,,45177,131,1,1,338,0,13
