timeStamp,elapsed,label,responseCode,responseMessage,threadName,dataType,success,failureMessage,bytes,sentBytes,grpThreads,allThreads,Latency,IdleTime,Connect
1510818189691,97,HTTP Request,200,OK,loadDeployed 1-1,text,true,,219,141,1,1,97,0,80
1510818190279,20,HTTP Request,200,OK,loadDeployed 1-2,text,true,,219,141,1,1,20,0,7
1510818190895,26,HTTP Request,200,OK,loadDeployed 1-3,text,true,,219,141,1,1,26,0,11
1510818191500,24,HTTP Request,200,OK,loadDeployed 1-4,text,true,,219,141,1,1,24,0,10
1510818192101,23,HTTP Request,200,OK,loadDeployed 1-5,text,true,,219,141,1,1,23,0,9
1510818192678,21,HTTP Request,200,OK,loadDeployed 1-6,text,true,,219,141,1,1,21,0,7
1510818193299,28,HTTP Request,200,OK,loadDeployed 1-7,text,true,,219,141,1,1,28,0,12
1510818193902,27,HTTP Request,200,OK,loadDeployed 1-8,text,true,,219,141,1,1,27,0,9
1510818194486,30,HTTP Request,200,OK,loadDeployed 1-9,text,true,,219,141,1,1,30,0,13
1510818195101,27,HTTP Request,200,OK,loadDeployed 1-10,text,true,,219,141,1,1,27,0,11
1510818195701,31,HTTP Request,200,OK,loadDeployed 1-11,text,true,,219,141,1,1,31,0,16
1510818196279,29,HTTP Request,200,OK,loadDeployed 1-12,text,true,,219,141,1,1,29,0,13
1510818196901,29,HTTP Request,200,OK,loadDeployed 1-13,text,true,,219,141,1,1,29,0,13
1510818197501,28,HTTP Request,200,OK,loadDeployed 1-14,text,true,,219,141,1,1,28,0,9
1510818198102,27,HTTP Request,200,OK,loadDeployed 1-15,text,true,,219,141,1,1,27,0,12
1510818198702,25,HTTP Request,200,OK,loadDeployed 1-16,text,true,,219,141,1,1,25,0,9
1510818199302,26,HTTP Request,200,OK,loadDeployed 1-17,text,true,,219,141,1,1,26,0,8
1510818199902,28,HTTP Request,200,OK,loadDeployed 1-18,text,true,,219,141,1,1,28,0,12
1510818200501,32,HTTP Request,200,OK,loadDeployed 1-19,text,true,,219,141,1,1,32,0,14
1510818201103,30,HTTP Request,200,OK,loadDeployed 1-20,text,true,,219,141,1,1,30,0,13
1510818201703,71,HTTP Request,200,OK,loadDeployed 1-21,text,true,,219,141,1,1,71,0,56
1510818202300,24,HTTP Request,200,OK,loadDeployed 1-22,text,true,,219,141,1,1,24,0,9
1510818202903,28,HTTP Request,200,OK,loadDeployed 1-23,text,true,,219,141,1,1,28,0,13
1510818203504,24,HTTP Request,200,OK,loadDeployed 1-24,text,true,,219,141,1,1,24,0,9
1510818204104,28,HTTP Request,200,OK,loadDeployed 1-25,text,true,,219,141,1,1,28,0,11
1510818204704,26,HTTP Request,200,OK,loadDeployed 1-26,text,true,,219,141,1,1,26,0,12
1510818205304,39,HTTP Request,200,OK,loadDeployed 1-27,text,true,,219,141,1,1,39,0,16
1510818205903,28,HTTP Request,200,OK,loadDeployed 1-28,text,true,,219,141,1,1,28,0,14
1510818206502,30,HTTP Request,200,OK,loadDeployed 1-29,text,true,,219,141,1,1,30,0,10
1510818207104,29,HTTP Request,200,OK,loadDeployed 1-30,text,true,,219,141,1,1,29,0,14
1510818207701,25,HTTP Request,200,OK,loadDeployed 1-31,text,true,,219,141,1,1,25,0,8
1510818208306,35,HTTP Request,200,OK,loadDeployed 1-32,text,true,,219,141,1,1,35,0,18
1510818208902,26,HTTP Request,200,OK,loadDeployed 1-33,text,true,,219,141,1,1,26,0,9
1510818209506,26,HTTP Request,200,OK,loadDeployed 1-34,text,true,,219,141,1,1,26,0,11
1510818210102,25,HTTP Request,200,OK,loadDeployed 1-35,text,true,,219,141,1,1,25,0,11
1510818210704,22,HTTP Request,200,OK,loadDeployed 1-36,text,true,,219,141,1,1,22,0,7
1510818211304,31,HTTP Request,200,OK,loadDeployed 1-37,text,true,,219,141,1,1,31,0,12
1510818211900,21,HTTP Request,200,OK,loadDeployed 1-38,text,true,,219,141,1,1,21,0,7
1510818212504,24,HTTP Request,200,OK,loadDeployed 1-39,text,true,,219,141,1,1,24,0,9
1510818213102,27,HTTP Request,200,OK,loadDeployed 1-40,text,true,,219,141,1,1,27,0,12
1510818213705,24,HTTP Request,200,OK,loadDeployed 1-41,text,true,,219,141,1,1,24,0,9
1510818214302,24,HTTP Request,200,OK,loadDeployed 1-42,text,true,,219,141,1,1,24,0,11
1510818214902,32,HTTP Request,200,OK,loadDeployed 1-43,text,true,,219,141,1,1,32,0,15
1510818215503,23,HTTP Request,200,OK,loadDeployed 1-44,text,true,,219,141,1,1,23,0,6
1510818216102,26,HTTP Request,200,OK,loadDeployed 1-45,text,true,,219,141,1,1,26,0,11
1510818216704,23,HTTP Request,200,OK,loadDeployed 1-46,text,true,,219,141,1,1,23,0,8
1510818217305,29,HTTP Request,200,OK,loadDeployed 1-47,text,true,,219,141,1,1,29,0,13
1510818217904,30,HTTP Request,200,OK,loadDeployed 1-48,text,true,,219,141,1,1,30,0,14
1510818218504,27,HTTP Request,200,OK,loadDeployed 1-49,text,true,,219,141,1,1,27,0,13
1510818219102,27,HTTP Request,200,OK,loadDeployed 1-50,text,true,,219,141,1,1,27,0,12
1510818219705,30,HTTP Request,200,OK,loadDeployed 1-51,text,true,,219,141,1,1,30,0,17
1510818220320,24,HTTP Request,200,OK,loadDeployed 1-52,text,true,,219,141,1,1,24,0,9
1510818220919,39,HTTP Request,200,OK,loadDeployed 1-53,text,true,,219,141,1,1,39,0,24
1510818221502,23,HTTP Request,200,OK,loadDeployed 1-54,text,true,,219,141,1,1,23,0,9
1510818222101,30,HTTP Request,200,OK,loadDeployed 1-55,text,true,,219,141,1,1,30,0,13
1510818222718,24,HTTP Request,200,OK,loadDeployed 1-56,text,true,,219,141,1,1,24,0,9
1510818223302,23,HTTP Request,200,OK,loadDeployed 1-57,text,true,,219,141,1,1,23,0,8
1510818223901,30,HTTP Request,200,OK,loadDeployed 1-58,text,true,,219,141,1,1,30,0,14
1510818224530,29,HTTP Request,200,OK,loadDeployed 1-59,text,true,,219,141,1,1,29,0,14
1510818225102,29,HTTP Request,200,OK,loadDeployed 1-60,text,true,,219,141,1,1,29,0,12
1510818225721,26,HTTP Request,200,OK,loadDeployed 1-61,text,true,,219,141,1,1,26,0,11
1510818226301,31,HTTP Request,200,OK,loadDeployed 1-62,text,true,,219,141,1,1,31,0,12
1510818226902,31,HTTP Request,200,OK,loadDeployed 1-63,text,true,,219,141,1,1,31,0,14
1510818227520,37,HTTP Request,200,OK,loadDeployed 1-64,text,true,,219,141,1,1,37,0,10
1510818228102,24,HTTP Request,200,OK,loadDeployed 1-65,text,true,,219,141,1,1,24,0,9
1510818228704,28,HTTP Request,200,OK,loadDeployed 1-66,text,true,,219,141,1,1,28,0,10
1510818229319,30,HTTP Request,200,OK,loadDeployed 1-67,text,true,,219,141,1,1,30,0,13
1510818229902,32,HTTP Request,200,OK,loadDeployed 1-68,text,true,,219,141,1,1,32,0,15
1510818230503,32,HTTP Request,200,OK,loadDeployed 1-69,text,true,,219,141,1,1,32,0,15
1510818231101,25,HTTP Request,200,OK,loadDeployed 1-70,text,true,,219,141,1,1,25,0,11
1510818231709,26,HTTP Request,200,OK,loadDeployed 1-71,text,true,,219,141,1,1,26,0,11
1510818232301,32,HTTP Request,200,OK,loadDeployed 1-72,text,true,,219,141,1,1,32,0,12
1510818232902,28,HTTP Request,200,OK,loadDeployed 1-73,text,true,,219,141,1,1,28,0,13
1510818233518,95,HTTP Request,200,OK,loadDeployed 1-74,text,true,,219,141,1,1,95,0,80
1510818234108,28,HTTP Request,200,OK,loadDeployed 1-75,text,true,,219,141,1,1,28,0,15
1510818234701,28,HTTP Request,200,OK,loadDeployed 1-76,text,true,,219,141,1,1,28,0,13
1510818235301,27,HTTP Request,200,OK,loadDeployed 1-77,text,true,,219,141,1,1,27,0,12
1510818235901,22,HTTP Request,200,OK,loadDeployed 1-78,text,true,,219,141,1,1,22,0,7
1510818236502,27,HTTP Request,200,OK,loadDeployed 1-79,text,true,,219,141,1,1,27,0,12
1510818237103,38,HTTP Request,200,OK,loadDeployed 1-80,text,true,,219,141,1,1,38,0,16
1510818237705,29,HTTP Request,200,OK,loadDeployed 1-81,text,true,,219,141,1,1,29,0,14
1510818238302,28,HTTP Request,200,OK,loadDeployed 1-82,text,true,,219,141,1,1,28,0,14
1510818238930,26,HTTP Request,200,OK,loadDeployed 1-83,text,true,,219,141,1,1,26,0,9
1510818239519,41,HTTP Request,200,OK,loadDeployed 1-84,text,true,,219,141,1,1,41,0,22
1510818240118,29,HTTP Request,200,OK,loadDeployed 1-85,text,true,,219,141,1,1,29,0,14
1510818240717,26,HTTP Request,200,OK,loadDeployed 1-86,text,true,,219,141,1,1,26,0,8
1510818241319,30,HTTP Request,200,OK,loadDeployed 1-87,text,true,,219,141,1,1,30,0,15
1510818241930,25,HTTP Request,200,OK,loadDeployed 1-88,text,true,,219,141,1,1,25,0,11
1510818242520,30,HTTP Request,200,OK,loadDeployed 1-89,text,true,,219,141,1,1,30,0,16
1510818243120,29,HTTP Request,200,OK,loadDeployed 1-90,text,true,,219,141,1,1,29,0,13
1510818243719,29,HTTP Request,200,OK,loadDeployed 1-91,text,true,,219,141,1,1,29,0,12
1510818244319,29,HTTP Request,200,OK,loadDeployed 1-92,text,true,,219,141,1,1,29,0,15
1510818244920,24,HTTP Request,200,OK,loadDeployed 1-93,text,true,,219,141,1,1,24,0,10
1510818245520,31,HTTP Request,200,OK,loadDeployed 1-94,text,true,,219,141,1,1,31,0,10
1510818246134,29,HTTP Request,200,OK,loadDeployed 1-95,text,true,,219,141,1,1,29,0,14
1510818246716,31,HTTP Request,200,OK,loadDeployed 1-96,text,true,,219,141,1,1,31,0,15
1510818247318,33,HTTP Request,200,OK,loadDeployed 1-97,text,true,,219,141,1,1,33,0,13
1510818247918,28,HTTP Request,200,OK,loadDeployed 1-98,text,true,,219,141,1,1,28,0,13
1510818248517,34,HTTP Request,200,OK,loadDeployed 1-99,text,true,,219,141,1,1,34,0,13
1510818249116,28,HTTP Request,200,OK,loadDeployed 1-100,text,true,,219,141,1,1,28,0,11
1510818249718,28,HTTP Request,200,OK,loadDeployed 1-101,text,true,,219,141,1,1,28,0,12
1510818250318,32,HTTP Request,200,OK,loadDeployed 1-102,text,true,,219,141,1,1,32,0,13
1510818250919,30,HTTP Request,200,OK,loadDeployed 1-103,text,true,,219,141,1,1,30,0,15
1510818251520,34,HTTP Request,200,OK,loadDeployed 1-104,text,true,,219,141,1,1,34,0,14
1510818252118,31,HTTP Request,200,OK,loadDeployed 1-105,text,true,,219,141,1,1,31,0,16
1510818252717,26,HTTP Request,200,OK,loadDeployed 1-106,text,true,,219,141,1,1,26,0,11
1510818253320,29,HTTP Request,200,OK,loadDeployed 1-107,text,true,,219,141,1,1,29,0,14
1510818253920,32,HTTP Request,200,OK,loadDeployed 1-108,text,true,,219,141,1,1,32,0,14
1510818254518,28,HTTP Request,200,OK,loadDeployed 1-109,text,true,,219,141,1,1,28,0,12
1510818255120,29,HTTP Request,200,OK,loadDeployed 1-110,text,true,,219,141,1,1,29,0,14
1510818255720,22,HTTP Request,200,OK,loadDeployed 1-111,text,true,,219,141,1,1,22,0,8
1510818256317,24,HTTP Request,200,OK,loadDeployed 1-112,text,true,,219,141,1,1,24,0,11
1510818256932,31,HTTP Request,200,OK,loadDeployed 1-113,text,true,,219,141,1,1,31,0,13
1510818257519,30,HTTP Request,200,OK,loadDeployed 1-114,text,true,,219,141,1,1,30,0,14
1510818258117,29,HTTP Request,200,OK,loadDeployed 1-115,text,true,,219,141,1,1,29,0,13
1510818258720,26,HTTP Request,200,OK,loadDeployed 1-116,text,true,,219,141,1,1,26,0,8
1510818259319,27,HTTP Request,200,OK,loadDeployed 1-117,text,true,,219,141,1,1,27,0,11
1510818259917,24,HTTP Request,200,OK,loadDeployed 1-118,text,true,,219,141,1,1,24,0,9
1510818260517,27,HTTP Request,200,OK,loadDeployed 1-119,text,true,,219,141,1,1,27,0,13
1510818261224,30,HTTP Request,200,OK,loadDeployed 1-120,text,true,,219,141,1,1,30,0,14
1510818261772,27,HTTP Request,200,OK,loadDeployed 1-121,text,true,,219,141,1,1,27,0,11
1510818262317,26,HTTP Request,200,OK,loadDeployed 1-122,text,true,,219,141,1,1,26,0,9
1510818262917,33,HTTP Request,200,OK,loadDeployed 1-123,text,true,,219,141,1,1,33,0,15
1510818263518,29,HTTP Request,200,OK,loadDeployed 1-124,text,true,,219,141,1,1,29,0,15
1510818264118,28,HTTP Request,200,OK,loadDeployed 1-125,text,true,,219,141,1,1,28,0,14
1510818264719,27,HTTP Request,200,OK,loadDeployed 1-126,text,true,,219,141,1,1,27,0,12
1510818265317,29,HTTP Request,200,OK,loadDeployed 1-127,text,true,,219,141,1,1,29,0,12
1510818265921,53,HTTP Request,200,OK,loadDeployed 1-128,text,true,,219,141,1,1,53,0,37
1510818266517,27,HTTP Request,200,OK,loadDeployed 1-129,text,true,,219,141,1,1,27,0,8
1510818267117,28,HTTP Request,200,OK,loadDeployed 1-130,text,true,,219,141,1,1,28,0,12
1510818267718,23,HTTP Request,200,OK,loadDeployed 1-131,text,true,,219,141,1,1,23,0,8
1510818268319,23,HTTP Request,200,OK,loadDeployed 1-132,text,true,,219,141,1,1,23,0,9
1510818268918,31,HTTP Request,200,OK,loadDeployed 1-133,text,true,,219,141,1,1,31,0,13
1510818269534,27,HTTP Request,200,OK,loadDeployed 1-134,text,true,,219,141,1,1,27,0,13
1510818270117,35,HTTP Request,200,OK,loadDeployed 1-135,text,true,,219,141,1,1,35,0,15
1510818270718,49,HTTP Request,200,OK,loadDeployed 1-136,text,true,,219,141,1,1,49,0,12
1510818271331,30,HTTP Request,200,OK,loadDeployed 1-137,text,true,,219,141,1,1,30,0,14
1510818271916,31,HTTP Request,200,OK,loadDeployed 1-138,text,true,,219,141,1,1,31,0,15
1510818272531,27,HTTP Request,200,OK,loadDeployed 1-139,text,true,,219,141,1,1,27,0,10
1510818273133,26,HTTP Request,200,OK,loadDeployed 1-140,text,true,,219,141,1,1,26,0,11
1510818273719,42,HTTP Request,200,OK,loadDeployed 1-141,text,true,,219,141,1,1,42,0,12
1510818274333,27,HTTP Request,200,OK,loadDeployed 1-142,text,true,,219,141,1,1,27,0,12
1510818274933,21,HTTP Request,200,OK,loadDeployed 1-143,text,true,,219,141,1,1,21,0,7
1510818275518,43,HTTP Request,200,OK,loadDeployed 1-144,text,true,,219,141,1,1,43,0,11
1510818276133,30,HTTP Request,200,OK,loadDeployed 1-145,text,true,,219,141,1,1,30,0,15
1510818276720,22,HTTP Request,200,OK,loadDeployed 1-146,text,true,,219,141,1,1,22,0,8
1510818277335,29,HTTP Request,200,OK,loadDeployed 1-147,text,true,,219,141,1,1,29,0,12
1510818277932,27,HTTP Request,200,OK,loadDeployed 1-148,text,true,,219,141,1,1,27,0,10
1510818278518,23,HTTP Request,200,OK,loadDeployed 1-149,text,true,,219,141,1,1,23,0,10
1510818279134,27,HTTP Request,200,OK,loadDeployed 1-150,text,true,,219,141,1,1,27,0,12
1510818279735,34,HTTP Request,200,OK,loadDeployed 1-151,text,true,,219,141,1,1,34,0,17
1510818280333,34,HTTP Request,200,OK,loadDeployed 1-152,text,true,,219,141,1,1,34,0,14
1510818280940,22,HTTP Request,200,OK,loadDeployed 1-153,text,true,,219,141,1,1,21,0,7
1510818281535,23,HTTP Request,200,OK,loadDeployed 1-154,text,true,,219,141,1,1,23,0,8
1510818282135,29,HTTP Request,200,OK,loadDeployed 1-155,text,true,,219,141,1,1,29,0,14
1510818282735,29,HTTP Request,200,OK,loadDeployed 1-156,text,true,,219,141,1,1,29,0,13
1510818283333,27,HTTP Request,200,OK,loadDeployed 1-157,text,true,,219,141,1,1,27,0,12
1510818283938,22,HTTP Request,200,OK,loadDeployed 1-158,text,true,,219,141,1,1,22,0,8
1510818284584,33,HTTP Request,200,OK,loadDeployed 1-159,text,true,,219,141,1,1,33,0,14
1510818285133,22,HTTP Request,200,OK,loadDeployed 1-160,text,true,,219,141,1,1,22,0,8
1510818285735,31,HTTP Request,200,OK,loadDeployed 1-161,text,true,,219,141,1,1,31,0,15
1510818286333,28,HTTP Request,200,OK,loadDeployed 1-162,text,true,,219,141,1,1,28,0,12
1510818286936,35,HTTP Request,200,OK,loadDeployed 1-163,text,true,,219,141,1,1,35,0,15
1510818287533,29,HTTP Request,200,OK,loadDeployed 1-164,text,true,,219,141,1,1,29,0,15
1510818288134,29,HTTP Request,200,OK,loadDeployed 1-165,text,true,,219,141,1,1,29,0,13
1510818288735,32,HTTP Request,200,OK,loadDeployed 1-166,text,true,,219,141,1,1,32,0,14
1510818289333,32,HTTP Request,200,OK,loadDeployed 1-167,text,true,,219,141,1,1,32,0,15
1510818289934,29,HTTP Request,200,OK,loadDeployed 1-168,text,true,,219,141,1,1,29,0,10
1510818290535,24,HTTP Request,200,OK,loadDeployed 1-169,text,true,,219,141,1,1,24,0,9
1510818291133,23,HTTP Request,200,OK,loadDeployed 1-170,text,true,,219,141,1,1,23,0,9
1510818291733,29,HTTP Request,200,OK,loadDeployed 1-171,text,true,,219,141,1,1,29,0,13
1510818292334,27,HTTP Request,200,OK,loadDeployed 1-172,text,true,,219,141,1,1,27,0,12
1510818292934,26,HTTP Request,200,OK,loadDeployed 1-173,text,true,,219,141,1,1,26,0,8
1510818293533,24,HTTP Request,200,OK,loadDeployed 1-174,text,true,,219,141,1,1,24,0,10
1510818294152,26,HTTP Request,200,OK,loadDeployed 1-175,text,true,,219,141,1,1,26,0,12
1510818294752,31,HTTP Request,200,OK,loadDeployed 1-176,text,true,,219,141,1,1,31,0,13
1510818295342,32,HTTP Request,200,OK,loadDeployed 1-177,text,true,,219,141,1,1,32,0,14
1510818295950,24,HTTP Request,200,OK,loadDeployed 1-178,text,true,,219,141,1,1,24,0,8
1510818296551,30,HTTP Request,200,OK,loadDeployed 1-179,text,true,,219,141,1,1,30,0,12
1510818297152,27,HTTP Request,200,OK,loadDeployed 1-180,text,true,,219,141,1,1,27,0,11
1510818297736,24,HTTP Request,200,OK,loadDeployed 1-181,text,true,,219,141,1,1,24,0,10
1510818298353,31,HTTP Request,200,OK,loadDeployed 1-182,text,true,,219,141,1,1,31,0,16
1510818298952,32,HTTP Request,200,OK,loadDeployed 1-183,text,true,,219,141,1,1,32,0,17
1510818299535,23,HTTP Request,200,OK,loadDeployed 1-184,text,true,,219,141,1,1,23,0,7
1510818300150,29,HTTP Request,200,OK,loadDeployed 1-185,text,true,,219,141,1,1,29,0,13
1510818300749,33,HTTP Request,200,OK,loadDeployed 1-186,text,true,,219,141,1,1,33,0,16
1510818301333,22,HTTP Request,200,OK,loadDeployed 1-187,text,true,,219,141,1,1,22,0,8
1510818301935,28,HTTP Request,200,OK,loadDeployed 1-188,text,true,,219,141,1,1,28,0,13
1510818302552,32,HTTP Request,200,OK,loadDeployed 1-189,text,true,,219,141,1,1,32,0,13
1510818303133,30,HTTP Request,200,OK,loadDeployed 1-190,text,true,,219,141,1,1,30,0,13
1510818303749,29,HTTP Request,200,OK,loadDeployed 1-191,text,true,,219,141,1,1,29,0,12
1510818304334,31,HTTP Request,200,OK,loadDeployed 1-192,text,true,,219,141,1,1,31,0,14
1510818305027,27,HTTP Request,200,OK,loadDeployed 1-193,text,true,,219,141,1,1,27,0,10
1510818305533,24,HTTP Request,200,OK,loadDeployed 1-194,text,true,,219,141,1,1,24,0,7
1510818306148,29,HTTP Request,200,OK,loadDeployed 1-195,text,true,,219,141,1,1,29,0,14
1510818306735,28,HTTP Request,200,OK,loadDeployed 1-196,text,true,,219,141,1,1,28,0,12
1510818307357,29,HTTP Request,200,OK,loadDeployed 1-197,text,true,,219,141,1,1,29,0,13
1510818307950,113,HTTP Request,200,OK,loadDeployed 1-198,text,true,,219,141,1,1,113,0,94
1510818308551,29,HTTP Request,200,OK,loadDeployed 1-199,text,true,,219,141,1,1,29,0,12
1510818309150,31,HTTP Request,200,OK,loadDeployed 1-200,text,true,,219,141,1,1,31,0,15
1510818309747,24,HTTP Request,200,OK,loadDeployed 1-201,text,true,,219,141,1,1,24,0,9
1510818310332,25,HTTP Request,200,OK,loadDeployed 1-202,text,true,,219,141,1,1,25,0,9
1510818310948,36,HTTP Request,200,OK,loadDeployed 1-203,text,true,,219,141,1,1,36,0,19
1510818311549,31,HTTP Request,200,OK,loadDeployed 1-204,text,true,,219,141,1,1,31,0,14
1510818312134,36,HTTP Request,200,OK,loadDeployed 1-205,text,true,,219,141,1,1,36,0,21
1510818312747,30,HTTP Request,200,OK,loadDeployed 1-206,text,true,,219,141,1,1,30,0,9
1510818313350,31,HTTP Request,200,OK,loadDeployed 1-207,text,true,,219,141,1,1,31,0,14
1510818313933,27,HTTP Request,200,OK,loadDeployed 1-208,text,true,,219,141,1,1,27,0,12
1510818314550,27,HTTP Request,200,OK,loadDeployed 1-209,text,true,,219,141,1,1,27,0,12
1510818315132,38,HTTP Request,200,OK,loadDeployed 1-210,text,true,,219,141,1,1,38,0,24
1510818315748,26,HTTP Request,200,OK,loadDeployed 1-211,text,true,,219,141,1,1,26,0,9
1510818316332,27,HTTP Request,200,OK,loadDeployed 1-212,text,true,,219,141,1,1,27,0,9
1510818316949,28,HTTP Request,200,OK,loadDeployed 1-213,text,true,,219,141,1,1,28,0,11
1510818317567,27,HTTP Request,200,OK,loadDeployed 1-214,text,true,,219,141,1,1,27,0,12
1510818318151,24,HTTP Request,200,OK,loadDeployed 1-215,text,true,,219,141,1,1,24,0,9
1510818318750,20,HTTP Request,200,OK,loadDeployed 1-216,text,true,,219,141,1,1,20,0,6
1510818319349,28,HTTP Request,200,OK,loadDeployed 1-217,text,true,,219,141,1,1,28,0,13
1510818319935,29,HTTP Request,200,OK,loadDeployed 1-218,text,true,,219,141,1,1,29,0,13
1510818320533,30,HTTP Request,200,OK,loadDeployed 1-219,text,true,,219,141,1,1,30,0,13
1510818321150,31,HTTP Request,200,OK,loadDeployed 1-220,text,true,,219,141,1,1,31,0,15
1510818321750,27,HTTP Request,200,OK,loadDeployed 1-221,text,true,,219,141,1,1,27,0,11
1510818322350,32,HTTP Request,200,OK,loadDeployed 1-222,text,true,,219,141,1,1,32,0,14
1510818322950,30,HTTP Request,200,OK,loadDeployed 1-223,text,true,,219,141,1,1,30,0,13
1510818323550,29,HTTP Request,200,OK,loadDeployed 1-224,text,true,,219,141,1,1,29,0,12
1510818324151,29,HTTP Request,200,OK,loadDeployed 1-225,text,true,,219,141,1,1,29,0,13
1510818324735,25,HTTP Request,200,OK,loadDeployed 1-226,text,true,,219,141,1,1,25,0,11
1510818325350,28,HTTP Request,200,OK,loadDeployed 1-227,text,true,,219,141,1,1,28,0,12
1510818325948,31,HTTP Request,200,OK,loadDeployed 1-228,text,true,,219,141,1,1,31,0,14
1510818326552,28,HTTP Request,200,OK,loadDeployed 1-229,text,true,,219,141,1,1,28,0,12
1510818327150,23,HTTP Request,200,OK,loadDeployed 1-230,text,true,,219,141,1,1,23,0,6
1510818327749,30,HTTP Request,200,OK,loadDeployed 1-231,text,true,,219,141,1,1,30,0,13
1510818328368,190,HTTP Request,200,OK,loadDeployed 1-232,text,true,,219,141,1,1,190,0,158
1510818328948,30,HTTP Request,200,OK,loadDeployed 1-233,text,true,,219,141,1,1,30,0,12
1510818329571,24,HTTP Request,200,OK,loadDeployed 1-234,text,true,,219,141,1,1,24,0,8
1510818330147,27,HTTP Request,200,OK,loadDeployed 1-235,text,true,,219,141,1,1,27,0,11
1510818330749,26,HTTP Request,200,OK,loadDeployed 1-236,text,true,,219,141,1,1,26,0,11
1510818331349,32,HTTP Request,200,OK,loadDeployed 1-237,text,true,,219,141,1,1,32,0,13
1510818331950,25,HTTP Request,200,OK,loadDeployed 1-238,text,true,,219,141,1,1,25,0,11
1510818332550,22,HTTP Request,200,OK,loadDeployed 1-239,text,true,,219,141,1,1,22,0,7
1510818333150,24,HTTP Request,200,OK,loadDeployed 1-240,text,true,,219,141,1,1,24,0,10
1510818333750,34,HTTP Request,200,OK,loadDeployed 1-241,text,true,,219,141,1,1,34,0,15
1510818334350,28,HTTP Request,200,OK,loadDeployed 1-242,text,true,,219,141,1,1,28,0,13
1510818334950,28,HTTP Request,200,OK,loadDeployed 1-243,text,true,,219,141,1,1,28,0,14
1510818335549,58,HTTP Request,200,OK,loadDeployed 1-244,text,true,,219,141,1,1,58,0,40
1510818336149,33,HTTP Request,200,OK,loadDeployed 1-245,text,true,,219,141,1,1,33,0,12
1510818336751,30,HTTP Request,200,OK,loadDeployed 1-246,text,true,,219,141,1,1,30,0,15
1510818337350,31,HTTP Request,200,OK,loadDeployed 1-247,text,true,,219,141,1,1,31,0,12
1510818337949,29,HTTP Request,200,OK,loadDeployed 1-248,text,true,,219,141,1,1,29,0,13
1510818338548,35,HTTP Request,200,OK,loadDeployed 1-249,text,true,,219,141,1,1,35,0,14
1510818339150,33,HTTP Request,200,OK,loadDeployed 1-250,text,true,,219,141,1,1,33,0,17
1510818339749,28,HTTP Request,200,OK,loadDeployed 1-251,text,true,,219,141,1,1,28,0,12
1510818340351,31,HTTP Request,200,OK,loadDeployed 1-252,text,true,,219,141,1,1,31,0,15
1510818340950,24,HTTP Request,200,OK,loadDeployed 1-253,text,true,,219,141,1,1,24,0,6
1510818341549,31,HTTP Request,200,OK,loadDeployed 1-254,text,true,,219,141,1,1,31,0,14
1510818342149,32,HTTP Request,200,OK,loadDeployed 1-255,text,true,,219,141,1,1,32,0,14
1510818342751,28,HTTP Request,200,OK,loadDeployed 1-256,text,true,,219,141,1,1,28,0,13
1510818343351,29,HTTP Request,200,OK,loadDeployed 1-257,text,true,,219,141,1,1,29,0,13
1510818343948,30,HTTP Request,200,OK,loadDeployed 1-258,text,true,,219,141,1,1,30,0,14
1510818344550,32,HTTP Request,200,OK,loadDeployed 1-259,text,true,,219,141,1,1,32,0,10
1510818345166,28,HTTP Request,200,OK,loadDeployed 1-260,text,true,,219,141,1,1,28,0,13
1510818345751,47,HTTP Request,200,OK,loadDeployed 1-261,text,true,,219,141,1,1,47,0,31
1510818346349,28,HTTP Request,200,OK,loadDeployed 1-262,text,true,,219,141,1,1,28,0,12
1510818346965,28,HTTP Request,200,OK,loadDeployed 1-263,text,true,,219,141,1,1,28,0,13
1510818347546,34,HTTP Request,200,OK,loadDeployed 1-264,text,true,,219,141,1,1,34,0,18
1510818348166,31,HTTP Request,200,OK,loadDeployed 1-265,text,true,,219,141,1,1,31,0,15
1510818348747,23,HTTP Request,200,OK,loadDeployed 1-266,text,true,,219,141,1,1,23,0,8
1510818349364,27,HTTP Request,200,OK,loadDeployed 1-267,text,true,,219,141,1,1,27,0,12
1510818349948,27,HTTP Request,200,OK,loadDeployed 1-268,text,true,,219,141,1,1,27,0,12
1510818350566,23,HTTP Request,200,OK,loadDeployed 1-269,text,true,,219,141,1,1,23,0,9
1510818351149,22,HTTP Request,200,OK,loadDeployed 1-270,text,true,,219,141,1,1,22,0,8
1510818351779,27,HTTP Request,200,OK,loadDeployed 1-271,text,true,,219,141,1,1,27,0,12
1510818352349,26,HTTP Request,200,OK,loadDeployed 1-272,text,true,,219,141,1,1,26,0,11
1510818352965,26,HTTP Request,200,OK,loadDeployed 1-273,text,true,,219,141,1,1,26,0,12
1510818353550,36,HTTP Request,200,OK,loadDeployed 1-274,text,true,,219,141,1,1,36,0,15
1510818354164,28,HTTP Request,200,OK,loadDeployed 1-275,text,true,,219,141,1,1,28,0,13
1510818354751,26,HTTP Request,200,OK,loadDeployed 1-276,text,true,,219,141,1,1,26,0,11
1510818355365,28,HTTP Request,200,OK,loadDeployed 1-277,text,true,,219,141,1,1,28,0,13
1510818355949,26,HTTP Request,200,OK,loadDeployed 1-278,text,true,,219,141,1,1,26,0,10
1510818356573,25,HTTP Request,200,OK,loadDeployed 1-279,text,true,,219,141,1,1,25,0,8
1510818357149,26,HTTP Request,200,OK,loadDeployed 1-280,text,true,,219,141,1,1,26,0,11
1510818357767,32,HTTP Request,200,OK,loadDeployed 1-281,text,true,,219,141,1,1,32,0,16
1510818358365,34,HTTP Request,200,OK,loadDeployed 1-282,text,true,,219,141,1,1,34,0,19
1510818358950,29,HTTP Request,200,OK,loadDeployed 1-283,text,true,,219,141,1,1,29,0,12
1510818359567,22,HTTP Request,200,OK,loadDeployed 1-284,text,true,,219,141,1,1,22,0,8
1510818360164,24,HTTP Request,200,OK,loadDeployed 1-285,text,true,,219,141,1,1,24,0,7
1510818360750,29,HTTP Request,200,OK,loadDeployed 1-286,text,true,,219,141,1,1,29,0,13
1510818361372,32,HTTP Request,200,OK,loadDeployed 1-287,text,true,,219,141,1,1,32,0,15
1510818361973,27,HTTP Request,200,OK,loadDeployed 1-288,text,true,,219,141,1,1,27,0,9
1510818362563,24,HTTP Request,200,OK,loadDeployed 1-289,text,true,,219,141,1,1,24,0,10
1510818363163,26,HTTP Request,200,OK,loadDeployed 1-290,text,true,,219,141,1,1,26,0,11
1510818363762,27,HTTP Request,200,OK,loadDeployed 1-291,text,true,,219,141,1,1,27,0,12
1510818364361,25,HTTP Request,200,OK,loadDeployed 1-292,text,true,,219,141,1,1,25,0,11
1510818364964,23,HTTP Request,200,OK,loadDeployed 1-293,text,true,,219,141,1,1,23,0,9
1510818365565,33,HTTP Request,200,OK,loadDeployed 1-294,text,true,,219,141,1,1,33,0,14
1510818366165,26,HTTP Request,200,OK,loadDeployed 1-295,text,true,,219,141,1,1,26,0,11
1510818366764,23,HTTP Request,200,OK,loadDeployed 1-296,text,true,,219,141,1,1,23,0,8
1510818367364,32,HTTP Request,200,OK,loadDeployed 1-297,text,true,,219,141,1,1,32,0,17
1510818367986,27,HTTP Request,200,OK,loadDeployed 1-298,text,true,,219,141,1,1,27,0,11
1510818368567,24,HTTP Request,200,OK,loadDeployed 1-299,text,true,,219,141,1,1,24,0,10
1510818369179,24,HTTP Request,200,OK,loadDeployed 1-300,text,true,,219,141,1,1,24,0,9
1510818369765,30,HTTP Request,200,OK,loadDeployed 1-301,text,true,,219,141,1,1,30,0,12
1510818370379,29,HTTP Request,200,OK,loadDeployed 1-302,text,true,,219,141,1,1,29,0,12
1510818370965,33,HTTP Request,200,OK,loadDeployed 1-303,text,true,,219,141,1,1,33,0,17
1510818371582,35,HTTP Request,200,OK,loadDeployed 1-304,text,true,,219,141,1,1,35,0,12
1510818372179,33,HTTP Request,200,OK,loadDeployed 1-305,text,true,,219,141,1,1,33,0,15
1510818372765,24,HTTP Request,200,OK,loadDeployed 1-306,text,true,,219,141,1,1,24,0,10
1510818373380,27,HTTP Request,200,OK,loadDeployed 1-307,text,true,,219,141,1,1,27,0,12
1510818373967,31,HTTP Request,200,OK,loadDeployed 1-308,text,true,,219,141,1,1,31,0,15
1510818374590,41,HTTP Request,200,OK,loadDeployed 1-309,text,true,,219,141,1,1,41,0,18
1510818375180,25,HTTP Request,200,OK,loadDeployed 1-310,text,true,,219,141,1,1,25,0,10
1510818375766,24,HTTP Request,200,OK,loadDeployed 1-311,text,true,,219,141,1,1,24,0,8
1510818376390,26,HTTP Request,200,OK,loadDeployed 1-312,text,true,,219,141,1,1,26,0,10
1510818376991,29,HTTP Request,200,OK,loadDeployed 1-313,text,true,,219,141,1,1,29,0,14
1510818377565,31,HTTP Request,200,OK,loadDeployed 1-314,text,true,,219,141,1,1,31,0,15
1510818378179,34,HTTP Request,200,OK,loadDeployed 1-315,text,true,,219,141,1,1,34,0,15
1510818378766,29,HTTP Request,200,OK,loadDeployed 1-316,text,true,,219,141,1,1,29,0,14
1510818379380,29,HTTP Request,200,OK,loadDeployed 1-317,text,true,,219,141,1,1,29,0,13
1510818379967,29,HTTP Request,200,OK,loadDeployed 1-318,text,true,,219,141,1,1,29,0,13
1510818380582,29,HTTP Request,200,OK,loadDeployed 1-319,text,true,,219,141,1,1,29,0,14
1510818381164,28,HTTP Request,200,OK,loadDeployed 1-320,text,true,,219,141,1,1,28,0,14
1510818381764,30,HTTP Request,200,OK,loadDeployed 1-321,text,true,,219,141,1,1,30,0,12
1510818382380,31,HTTP Request,200,OK,loadDeployed 1-322,text,true,,219,141,1,1,31,0,13
1510818382964,37,HTTP Request,200,OK,loadDeployed 1-323,text,true,,219,141,1,1,37,0,14
1510818383578,31,HTTP Request,200,OK,loadDeployed 1-324,text,true,,219,141,1,1,31,0,14
1510818384164,30,HTTP Request,200,OK,loadDeployed 1-325,text,true,,219,141,1,1,30,0,14
1510818384779,31,HTTP Request,200,OK,loadDeployed 1-326,text,true,,219,141,1,1,31,0,15
1510818385364,28,HTTP Request,200,OK,loadDeployed 1-327,text,true,,219,141,1,1,28,0,12
1510818385981,104,HTTP Request,200,OK,loadDeployed 1-328,text,true,,219,141,1,1,104,0,90
1510818386566,30,HTTP Request,200,OK,loadDeployed 1-329,text,true,,219,141,1,1,30,0,15
1510818387179,32,HTTP Request,200,OK,loadDeployed 1-330,text,true,,219,141,1,1,32,0,15
1510818387780,40,HTTP Request,200,OK,loadDeployed 1-331,text,true,,219,141,1,1,40,0,12
1510818388382,42,HTTP Request,200,OK,loadDeployed 1-332,text,true,,219,141,1,1,42,0,28
1510818388983,28,HTTP Request,200,OK,loadDeployed 1-333,text,true,,219,141,1,1,28,0,11
1510818389565,24,HTTP Request,200,OK,loadDeployed 1-334,text,true,,219,141,1,1,24,0,9
1510818390180,33,HTTP Request,200,OK,loadDeployed 1-335,text,true,,219,141,1,1,33,0,14
1510818390765,25,HTTP Request,200,OK,loadDeployed 1-336,text,true,,219,141,1,1,25,0,11
1510818391366,27,HTTP Request,200,OK,loadDeployed 1-337,text,true,,219,141,1,1,27,0,13
1510818391980,30,HTTP Request,200,OK,loadDeployed 1-338,text,true,,219,141,1,1,30,0,13
1510818392584,25,HTTP Request,200,OK,loadDeployed 1-339,text,true,,219,141,1,1,25,0,10
1510818393166,31,HTTP Request,200,OK,loadDeployed 1-340,text,true,,219,141,1,1,31,0,14
1510818393781,29,HTTP Request,200,OK,loadDeployed 1-341,text,true,,219,141,1,1,29,0,14
1510818394379,31,HTTP Request,200,OK,loadDeployed 1-342,text,true,,219,141,1,1,31,0,13
1510818394964,27,HTTP Request,200,OK,loadDeployed 1-343,text,true,,219,141,1,1,27,0,9
1510818395580,30,HTTP Request,200,OK,loadDeployed 1-344,text,true,,219,141,1,1,30,0,14
1510818396165,24,HTTP Request,200,OK,loadDeployed 1-345,text,true,,219,141,1,1,24,0,10
1510818396780,26,HTTP Request,200,OK,loadDeployed 1-346,text,true,,219,141,1,1,26,0,12
1510818397364,29,HTTP Request,200,OK,loadDeployed 1-347,text,true,,219,141,1,1,29,0,13
1510818397982,28,HTTP Request,200,OK,loadDeployed 1-348,text,true,,219,141,1,1,28,0,10
1510818398580,73,HTTP Request,200,OK,loadDeployed 1-349,text,true,,219,141,1,1,73,0,51
1510818399164,27,HTTP Request,200,OK,loadDeployed 1-350,text,true,,219,141,1,1,27,0,12
1510818399781,27,HTTP Request,200,OK,loadDeployed 1-351,text,true,,219,141,1,1,27,0,12
1510818400381,34,HTTP Request,200,OK,loadDeployed 1-352,text,true,,219,141,1,1,34,0,13
1510818400964,27,HTTP Request,200,OK,loadDeployed 1-353,text,true,,219,141,1,1,27,0,10
1510818401565,29,HTTP Request,200,OK,loadDeployed 1-354,text,true,,219,141,1,1,29,0,13
1510818402247,28,HTTP Request,200,OK,loadDeployed 1-355,text,true,,219,141,1,1,28,0,10
1510818402779,25,HTTP Request,200,OK,loadDeployed 1-356,text,true,,219,141,1,1,25,0,11
1510818403367,28,HTTP Request,200,OK,loadDeployed 1-357,text,true,,219,141,1,1,28,0,13
1510818403965,25,HTTP Request,200,OK,loadDeployed 1-358,text,true,,219,141,1,1,25,0,10
1510818404564,29,HTTP Request,200,OK,loadDeployed 1-359,text,true,,219,141,1,1,29,0,13
1510818405179,34,HTTP Request,200,OK,loadDeployed 1-360,text,true,,219,141,1,1,34,0,15
1510818405764,33,HTTP Request,200,OK,loadDeployed 1-361,text,true,,219,141,1,1,33,0,15
1510818406365,28,HTTP Request,200,OK,loadDeployed 1-362,text,true,,219,141,1,1,28,0,10
1510818406980,22,HTTP Request,200,OK,loadDeployed 1-363,text,true,,219,141,1,1,22,0,7
1510818407580,27,HTTP Request,200,OK,loadDeployed 1-364,text,true,,219,141,1,1,27,0,13
1510818408179,27,HTTP Request,200,OK,loadDeployed 1-365,text,true,,219,141,1,1,26,0,12
1510818408779,27,HTTP Request,200,OK,loadDeployed 1-366,text,true,,219,141,1,1,27,0,12
1510818409381,26,HTTP Request,200,OK,loadDeployed 1-367,text,true,,219,141,1,1,26,0,10
1510818409979,22,HTTP Request,200,OK,loadDeployed 1-368,text,true,,219,141,1,1,22,0,7
1510818410580,31,HTTP Request,200,OK,loadDeployed 1-369,text,true,,219,141,1,1,31,0,14
1510818411180,43,HTTP Request,200,OK,loadDeployed 1-370,text,true,,219,141,1,1,43,0,26
1510818411780,31,HTTP Request,200,OK,loadDeployed 1-371,text,true,,219,141,1,1,31,0,14
1510818412381,35,HTTP Request,200,OK,loadDeployed 1-372,text,true,,219,141,1,1,35,0,15
1510818412980,28,HTTP Request,200,OK,loadDeployed 1-373,text,true,,219,141,1,1,28,0,13
1510818413579,30,HTTP Request,200,OK,loadDeployed 1-374,text,true,,219,141,1,1,30,0,14
1510818414181,29,HTTP Request,200,OK,loadDeployed 1-375,text,true,,219,141,1,1,29,0,14
1510818414781,26,HTTP Request,200,OK,loadDeployed 1-376,text,true,,219,141,1,1,26,0,12
1510818415381,28,HTTP Request,200,OK,loadDeployed 1-377,text,true,,219,141,1,1,28,0,13
1510818415983,27,HTTP Request,200,OK,loadDeployed 1-378,text,true,,219,141,1,1,27,0,12
1510818416579,30,HTTP Request,200,OK,loadDeployed 1-379,text,true,,219,141,1,1,30,0,13
1510818417178,28,HTTP Request,200,OK,loadDeployed 1-380,text,true,,219,141,1,1,28,0,12
1510818417780,23,HTTP Request,200,OK,loadDeployed 1-381,text,true,,219,141,1,1,23,0,9
1510818418379,26,HTTP Request,200,OK,loadDeployed 1-382,text,true,,219,141,1,1,26,0,11
1510818418982,21,HTTP Request,200,OK,loadDeployed 1-383,text,true,,219,141,1,1,21,0,6
1510818419583,31,HTTP Request,200,OK,loadDeployed 1-384,text,true,,219,141,1,1,31,0,15
1510818420180,26,HTTP Request,200,OK,loadDeployed 1-385,text,true,,219,141,1,1,26,0,11
1510818420780,22,HTTP Request,200,OK,loadDeployed 1-386,text,true,,219,141,1,1,22,0,8
1510818421380,28,HTTP Request,200,OK,loadDeployed 1-387,text,true,,219,141,1,1,28,0,13
1510818421981,27,HTTP Request,200,OK,loadDeployed 1-388,text,true,,219,141,1,1,27,0,12
1510818422579,26,HTTP Request,200,OK,loadDeployed 1-389,text,true,,219,141,1,1,26,0,10
1510818423180,24,HTTP Request,200,OK,loadDeployed 1-390,text,true,,219,141,1,1,24,0,10
1510818423779,23,HTTP Request,200,OK,loadDeployed 1-391,text,true,,219,141,1,1,23,0,10
1510818424379,24,HTTP Request,200,OK,loadDeployed 1-392,text,true,,219,141,1,1,24,0,10
1510818424996,27,HTTP Request,200,OK,loadDeployed 1-393,text,true,,219,141,1,1,27,0,11
1510818425597,31,HTTP Request,200,OK,loadDeployed 1-394,text,true,,219,141,1,1,31,0,13
1510818426197,32,HTTP Request,200,OK,loadDeployed 1-395,text,true,,219,141,1,1,32,0,13
1510818426800,30,HTTP Request,200,OK,loadDeployed 1-396,text,true,,219,141,1,1,30,0,15
1510818427399,32,HTTP Request,200,OK,loadDeployed 1-397,text,true,,219,141,1,1,32,0,15
1510818427999,38,HTTP Request,200,OK,loadDeployed 1-398,text,true,,219,141,1,1,38,0,23
1510818428596,27,HTTP Request,200,OK,loadDeployed 1-399,text,true,,219,141,1,1,27,0,12
1510818429197,28,HTTP Request,200,OK,loadDeployed 1-400,text,true,,219,141,1,1,28,0,12
1510818429809,30,HTTP Request,200,OK,loadDeployed 1-401,text,true,,219,141,1,1,30,0,13
1510818430397,27,HTTP Request,200,OK,loadDeployed 1-402,text,true,,219,141,1,1,27,0,7
1510818431000,33,HTTP Request,200,OK,loadDeployed 1-403,text,true,,219,141,1,1,33,0,16
1510818431598,27,HTTP Request,200,OK,loadDeployed 1-404,text,true,,219,141,1,1,27,0,11
1510818432198,33,HTTP Request,200,OK,loadDeployed 1-405,text,true,,219,141,1,1,33,0,17
1510818432802,24,HTTP Request,200,OK,loadDeployed 1-406,text,true,,219,141,1,1,24,0,10
1510818433403,25,HTTP Request,200,OK,loadDeployed 1-407,text,true,,219,141,1,1,25,0,9
1510818434000,30,HTTP Request,200,OK,loadDeployed 1-408,text,true,,219,141,1,1,30,0,15
1510818434601,27,HTTP Request,200,OK,loadDeployed 1-409,text,true,,219,141,1,1,27,0,12
1510818435202,29,HTTP Request,200,OK,loadDeployed 1-410,text,true,,219,141,1,1,29,0,11
1510818435801,29,HTTP Request,200,OK,loadDeployed 1-411,text,true,,219,141,1,1,29,0,13
1510818436400,28,HTTP Request,200,OK,loadDeployed 1-412,text,true,,219,141,1,1,28,0,12
1510818436999,30,HTTP Request,200,OK,loadDeployed 1-413,text,true,,219,141,1,1,30,0,13
1510818437601,22,HTTP Request,200,OK,loadDeployed 1-414,text,true,,219,141,1,1,22,0,7
1510818438199,27,HTTP Request,200,OK,loadDeployed 1-415,text,true,,219,141,1,1,27,0,13
1510818438803,26,HTTP Request,200,OK,loadDeployed 1-416,text,true,,219,141,1,1,26,0,10
1510818439400,26,HTTP Request,200,OK,loadDeployed 1-417,text,true,,219,141,1,1,26,0,10
1510818440000,29,HTTP Request,200,OK,loadDeployed 1-418,text,true,,219,141,1,1,29,0,12
1510818440602,29,HTTP Request,200,OK,loadDeployed 1-419,text,true,,219,141,1,1,29,0,13
1510818441198,23,HTTP Request,200,OK,loadDeployed 1-420,text,true,,219,141,1,1,23,0,8
1510818441799,33,HTTP Request,200,OK,loadDeployed 1-421,text,true,,219,141,1,1,33,0,18
1510818442401,32,HTTP Request,200,OK,loadDeployed 1-422,text,true,,219,141,1,1,32,0,15
1510818443006,30,HTTP Request,200,OK,loadDeployed 1-423,text,true,,219,141,1,1,30,0,15
1510818443600,26,HTTP Request,200,OK,loadDeployed 1-424,text,true,,219,141,1,1,26,0,10
1510818444199,23,HTTP Request,200,OK,loadDeployed 1-425,text,true,,219,141,1,1,23,0,10
1510818444800,28,HTTP Request,200,OK,loadDeployed 1-426,text,true,,219,141,1,1,28,0,11
1510818445400,28,HTTP Request,200,OK,loadDeployed 1-427,text,true,,219,141,1,1,28,0,11
1510818446000,21,HTTP Request,200,OK,loadDeployed 1-428,text,true,,219,141,1,1,21,0,7
1510818446604,27,HTTP Request,200,OK,loadDeployed 1-429,text,true,,219,141,1,1,27,0,11
1510818447203,25,HTTP Request,200,OK,loadDeployed 1-430,text,true,,219,141,1,1,25,0,11
1510818447801,29,HTTP Request,200,OK,loadDeployed 1-431,text,true,,219,141,1,1,29,0,14
1510818448401,27,HTTP Request,200,OK,loadDeployed 1-432,text,true,,219,141,1,1,27,0,10
1510818449002,26,HTTP Request,200,OK,loadDeployed 1-433,text,true,,219,141,1,1,26,0,11
1510818449602,25,HTTP Request,200,OK,loadDeployed 1-434,text,true,,219,141,1,1,25,0,11
1510818450229,31,HTTP Request,200,OK,loadDeployed 1-435,text,true,,219,141,1,1,31,0,13
1510818450830,24,HTTP Request,200,OK,loadDeployed 1-436,text,true,,219,141,1,1,24,0,11
1510818451401,22,HTTP Request,200,OK,loadDeployed 1-437,text,true,,219,141,1,1,22,0,8
1510818452001,27,HTTP Request,200,OK,loadDeployed 1-438,text,true,,219,141,1,1,27,0,12
1510818452601,29,HTTP Request,200,OK,loadDeployed 1-439,text,true,,219,141,1,1,29,0,11
1510818453201,29,HTTP Request,200,OK,loadDeployed 1-440,text,true,,219,141,1,1,29,0,12
1510818453802,25,HTTP Request,200,OK,loadDeployed 1-441,text,true,,219,141,1,1,25,0,11
1510818454402,29,HTTP Request,200,OK,loadDeployed 1-442,text,true,,219,141,1,1,29,0,13
1510818455003,27,HTTP Request,200,OK,loadDeployed 1-443,text,true,,219,141,1,1,27,0,12
1510818455601,33,HTTP Request,200,OK,loadDeployed 1-444,text,true,,219,141,1,1,33,0,15
1510818456212,32,HTTP Request,200,OK,loadDeployed 1-445,text,true,,219,141,1,1,32,0,15
1510818456802,28,HTTP Request,200,OK,loadDeployed 1-446,text,true,,219,141,1,1,28,0,12
1510818457401,28,HTTP Request,200,OK,loadDeployed 1-447,text,true,,219,141,1,1,28,0,10
1510818458002,28,HTTP Request,200,OK,loadDeployed 1-448,text,true,,219,141,1,1,28,0,13
1510818458603,29,HTTP Request,200,OK,loadDeployed 1-449,text,true,,219,141,1,1,29,0,11
1510818459203,26,HTTP Request,200,OK,loadDeployed 1-450,text,true,,219,141,1,1,26,0,12
1510818459802,30,HTTP Request,200,OK,loadDeployed 1-451,text,true,,219,141,1,1,30,0,14
1510818460404,36,HTTP Request,200,OK,loadDeployed 1-452,text,true,,219,141,1,1,36,0,20
1510818461002,33,HTTP Request,200,OK,loadDeployed 1-453,text,true,,219,141,1,1,33,0,17
1510818461603,29,HTTP Request,200,OK,loadDeployed 1-454,text,true,,219,141,1,1,29,0,12
1510818462204,32,HTTP Request,200,OK,loadDeployed 1-455,text,true,,219,141,1,1,32,0,15
1510818462803,27,HTTP Request,200,OK,loadDeployed 1-456,text,true,,219,141,1,1,27,0,12
1510818463402,29,HTTP Request,200,OK,loadDeployed 1-457,text,true,,219,141,1,1,29,0,9
1510818464002,25,HTTP Request,200,OK,loadDeployed 1-458,text,true,,219,141,1,1,25,0,8
1510818464602,27,HTTP Request,200,OK,loadDeployed 1-459,text,true,,219,141,1,1,27,0,11
1510818465213,29,HTTP Request,200,OK,loadDeployed 1-460,text,true,,219,141,1,1,29,0,11
1510818465817,32,HTTP Request,200,OK,loadDeployed 1-461,text,true,,219,141,1,1,32,0,17
1510818466403,28,HTTP Request,200,OK,loadDeployed 1-462,text,true,,219,141,1,1,28,0,12
1510818467001,30,HTTP Request,200,OK,loadDeployed 1-463,text,true,,219,141,1,1,30,0,14
1510818467603,31,HTTP Request,200,OK,loadDeployed 1-464,text,true,,219,141,1,1,31,0,14
1510818468201,28,HTTP Request,200,OK,loadDeployed 1-465,text,true,,219,141,1,1,28,0,13
1510818468802,53,HTTP Request,200,OK,loadDeployed 1-466,text,true,,219,141,1,1,53,0,38
1510818469401,37,HTTP Request,200,OK,loadDeployed 1-467,text,true,,219,141,1,1,37,0,21
1510818470001,23,HTTP Request,200,OK,loadDeployed 1-468,text,true,,219,141,1,1,23,0,8
1510818470602,29,HTTP Request,200,OK,loadDeployed 1-469,text,true,,219,141,1,1,29,0,12
1510818471202,33,HTTP Request,200,OK,loadDeployed 1-470,text,true,,219,141,1,1,33,0,17
1510818471801,32,HTTP Request,200,OK,loadDeployed 1-471,text,true,,219,141,1,1,32,0,16
1510818472400,29,HTTP Request,200,OK,loadDeployed 1-472,text,true,,219,141,1,1,29,0,12
1510818473002,26,HTTP Request,200,OK,loadDeployed 1-473,text,true,,219,141,1,1,26,0,11
1510818473602,141,HTTP Request,200,OK,loadDeployed 1-474,text,true,,219,141,1,1,141,0,124
1510818474203,29,HTTP Request,200,OK,loadDeployed 1-475,text,true,,219,141,1,1,29,0,12
1510818474801,24,HTTP Request,200,OK,loadDeployed 1-476,text,true,,219,141,1,1,24,0,11
1510818475403,27,HTTP Request,200,OK,loadDeployed 1-477,text,true,,219,141,1,1,27,0,13
1510818476000,26,HTTP Request,200,OK,loadDeployed 1-478,text,true,,219,141,1,1,26,0,13
1510818476603,28,HTTP Request,200,OK,loadDeployed 1-479,text,true,,219,141,1,1,28,0,12
1510818477213,33,HTTP Request,200,OK,loadDeployed 1-480,text,true,,219,141,1,1,33,0,16
1510818477803,28,HTTP Request,200,OK,loadDeployed 1-481,text,true,,219,141,1,1,28,0,13
1510818478403,29,HTTP Request,200,OK,loadDeployed 1-482,text,true,,219,141,1,1,29,0,13
1510818479001,24,HTTP Request,200,OK,loadDeployed 1-483,text,true,,219,141,1,1,24,0,9
1510818479600,21,HTTP Request,200,OK,loadDeployed 1-484,text,true,,219,141,1,1,21,0,7
1510818480203,26,HTTP Request,200,OK,loadDeployed 1-485,text,true,,219,141,1,1,26,0,11
1510818480803,25,HTTP Request,200,OK,loadDeployed 1-486,text,true,,219,141,1,1,25,0,11
1510818481403,25,HTTP Request,200,OK,loadDeployed 1-487,text,true,,219,141,1,1,25,0,10
1510818482020,26,HTTP Request,200,OK,loadDeployed 1-488,text,true,,219,141,1,1,26,0,10
1510818482604,26,HTTP Request,200,OK,loadDeployed 1-489,text,true,,219,141,1,1,26,0,10
1510818483219,25,HTTP Request,200,OK,loadDeployed 1-490,text,true,,219,141,1,1,25,0,9
1510818483819,32,HTTP Request,200,OK,loadDeployed 1-491,text,true,,219,141,1,1,32,0,12
1510818484419,29,HTTP Request,200,OK,loadDeployed 1-492,text,true,,219,141,1,1,29,0,10
1510818485019,29,HTTP Request,200,OK,loadDeployed 1-493,text,true,,219,141,1,1,29,0,13
1510818485618,31,HTTP Request,200,OK,loadDeployed 1-494,text,true,,219,141,1,1,31,0,16
1510818486218,31,HTTP Request,200,OK,loadDeployed 1-495,text,true,,219,141,1,1,31,0,13
1510818486818,28,HTTP Request,200,OK,loadDeployed 1-496,text,true,,219,141,1,1,28,0,12
1510818487419,28,HTTP Request,200,OK,loadDeployed 1-497,text,true,,219,141,1,1,28,0,13
1510818488020,29,HTTP Request,200,OK,loadDeployed 1-498,text,true,,219,141,1,1,29,0,15
1510818488621,23,HTTP Request,200,OK,loadDeployed 1-499,text,true,,219,141,1,1,23,0,7
1510818489219,27,HTTP Request,200,OK,loadDeployed 1-500,text,true,,219,141,1,1,27,0,12
