timeStamp,elapsed,label,responseCode,responseMessage,threadName,dataType,success,failureMessage,bytes,sentBytes,grpThreads,allThreads,Latency,IdleTime,Connect
1510902553326,2836,HTTP Request,200,OK,loadReconcile 1-8,text,true,,110676,131,12,12,2829,0,14
1510902550339,5818,HTTP Request,200,OK,loadReconcile 1-3,text,true,,110676,131,12,12,5815,0,1095
1510902551541,4898,HTTP Request,200,OK,loadReconcile 1-5,text,true,,110676,131,11,11,4672,0,14
1510902552125,4324,HTTP Request,200,OK,loadReconcile 1-6,text,true,,110676,131,10,10,4049,0,30
1510902550924,5526,HTTP Request,200,OK,loadReconcile 1-4,text,true,,110676,131,9,9,5326,0,512
1510902549149,7300,HTTP Request,200,OK,loadReconcile 1-1,text,true,,110676,131,9,9,7187,0,2285
1510902553942,2518,HTTP Request,200,OK,loadReconcile 1-9,text,true,,110676,131,9,9,2351,0,10
1510902549730,6730,HTTP Request,200,OK,loadReconcile 1-2,text,true,,110676,131,6,6,6652,0,1705
1510902552725,3755,HTTP Request,200,OK,loadReconcile 1-7,text,true,,110676,131,5,5,3694,0,12
1510902554544,1972,HTTP Request,200,OK,loadReconcile 1-10,text,true,,110676,131,4,4,1932,0,44
1510902555144,1749,HTTP Request,200,OK,loadReconcile 1-11,text,true,,110676,131,3,3,1703,0,59
1510902555725,1169,HTTP Request,200,OK,loadReconcile 1-12,text,true,,110676,131,3,3,1124,0,16
1510902556339,634,HTTP Request,200,OK,loadReconcile 1-13,text,true,,110676,131,2,2,597,0,12
1510902556923,477,HTTP Request,200,OK,loadReconcile 1-14,text,true,,110676,131,1,1,436,0,7
1510902557524,490,HTTP Request,200,OK,loadReconcile 1-15,text,true,,110676,131,1,1,448,0,16
1510902558155,467,HTTP Request,200,OK,loadReconcile 1-16,text,true,,110676,131,1,1,437,0,11
1510902558724,515,HTTP Request,200,OK,loadReconcile 1-17,text,true,,110676,131,1,1,477,0,36
1510902559356,493,HTTP Request,200,OK,loadReconcile 1-18,text,true,,110676,131,1,1,458,0,16
1510902559924,450,HTTP Request,200,OK,loadReconcile 1-19,text,true,,110676,131,1,1,404,0,13
1510902560558,528,HTTP Request,200,OK,loadReconcile 1-20,text,true,,110676,131,1,1,490,0,14
1510902561127,470,HTTP Request,200,OK,loadReconcile 1-21,text,true,,110676,131,1,1,431,0,19
1510902561756,453,HTTP Request,200,OK,loadReconcile 1-22,text,true,,110676,131,1,1,415,0,10
1510902562344,311,HTTP Request,200,OK,loadReconcile 1-23,text,true,,110676,131,1,1,264,0,22
1510902562943,499,HTTP Request,200,OK,loadReconcile 1-24,text,true,,110676,131,1,1,458,0,32
1510902563572,387,HTTP Request,200,OK,loadReconcile 1-25,text,true,,110676,131,1,1,342,0,10
1510902564142,424,HTTP Request,200,OK,loadReconcile 1-26,text,true,,110676,131,1,1,384,0,21
1510902564741,540,HTTP Request,200,OK,loadReconcile 1-27,text,true,,110676,131,1,1,502,0,14
1510902565342,458,HTTP Request,200,OK,loadReconcile 1-28,text,true,,110676,131,1,1,413,0,105
1510902565941,479,HTTP Request,200,OK,loadReconcile 1-29,text,true,,110676,131,1,1,432,0,14
1510902566542,586,HTTP Request,200,OK,loadReconcile 1-30,text,true,,110676,131,1,1,545,0,26
1510902567142,504,HTTP Request,200,OK,loadReconcile 1-31,text,true,,110676,131,1,1,457,0,9
1510902567740,516,HTTP Request,200,OK,loadReconcile 1-32,text,true,,110676,131,1,1,476,0,57
1510902568340,426,HTTP Request,200,OK,loadReconcile 1-33,text,true,,110676,131,1,1,385,0,13
1510902568973,306,HTTP Request,200,OK,loadReconcile 1-34,text,true,,110676,131,1,1,263,0,14
1510902569576,420,HTTP Request,200,OK,loadReconcile 1-35,text,true,,110676,131,1,1,380,0,12
1510902570147,466,HTTP Request,200,OK,loadReconcile 1-36,text,true,,110676,131,1,1,422,0,14
1510902570740,390,HTTP Request,200,OK,loadReconcile 1-37,text,true,,110676,131,1,1,339,0,25
1510902571342,399,HTTP Request,200,OK,loadReconcile 1-38,text,true,,110676,131,1,1,351,0,37
1510902571941,408,HTTP Request,200,OK,loadReconcile 1-39,text,true,,110676,131,1,1,365,0,19
1510902572572,392,HTTP Request,200,OK,loadReconcile 1-40,text,true,,110676,131,1,1,350,0,37
1510902573171,307,HTTP Request,200,OK,loadReconcile 1-41,text,true,,110676,131,1,1,264,0,9
1510902573741,348,HTTP Request,200,OK,loadReconcile 1-42,text,true,,110676,131,1,1,308,0,22
1510902574371,268,HTTP Request,200,OK,loadReconcile 1-43,text,true,,110676,131,1,1,225,0,9
1510902574946,366,HTTP Request,200,OK,loadReconcile 1-44,text,true,,110676,131,1,1,330,0,17
1510902575540,289,HTTP Request,200,OK,loadReconcile 1-45,text,true,,110676,131,1,1,251,0,15
1510902576141,411,HTTP Request,200,OK,loadReconcile 1-46,text,true,,110676,131,1,1,365,0,34
1510902576773,398,HTTP Request,200,OK,loadReconcile 1-47,text,true,,110676,131,1,1,348,0,39
1510902577341,334,HTTP Request,200,OK,loadReconcile 1-48,text,true,,110676,131,1,1,292,0,15
1510902577941,348,HTTP Request,200,OK,loadReconcile 1-49,text,true,,110676,131,1,1,308,0,14
1510902578571,327,HTTP Request,200,OK,loadReconcile 1-50,text,true,,110676,131,1,1,291,0,15
1510902579140,271,HTTP Request,200,OK,loadReconcile 1-51,text,true,,110676,131,1,1,232,0,13
1510902579755,273,HTTP Request,200,OK,loadReconcile 1-52,text,true,,110676,131,1,1,233,0,13
1510902580371,377,HTTP Request,200,OK,loadReconcile 1-53,text,true,,110676,131,1,1,334,0,16
1510902580955,307,HTTP Request,200,OK,loadReconcile 1-54,text,true,,110676,131,1,1,262,0,15
1510902581563,309,HTTP Request,200,OK,loadReconcile 1-55,text,true,,110676,131,1,1,268,0,13
1510902582162,322,HTTP Request,200,OK,loadReconcile 1-56,text,true,,110676,131,1,1,284,0,15
1510902582756,450,HTTP Request,200,OK,loadReconcile 1-57,text,true,,110676,131,1,1,406,0,98
1510902583354,302,HTTP Request,200,OK,loadReconcile 1-58,text,true,,110676,131,1,1,262,0,28
1510902583956,374,HTTP Request,200,OK,loadReconcile 1-59,text,true,,110676,131,1,1,335,0,12
1510902584566,381,HTTP Request,200,OK,loadReconcile 1-60,text,true,,110676,131,1,1,339,0,34
1510902585175,383,HTTP Request,200,OK,loadReconcile 1-61,text,true,,110676,131,1,1,344,0,18
1510902585757,426,HTTP Request,200,OK,loadReconcile 1-62,text,true,,110676,131,1,1,376,0,60
1510902586355,333,HTTP Request,200,OK,loadReconcile 1-63,text,true,,110676,131,1,1,289,0,13
1510902586955,350,HTTP Request,200,OK,loadReconcile 1-64,text,true,,110676,131,1,1,305,0,17
1510902587555,399,HTTP Request,200,OK,loadReconcile 1-65,text,true,,110676,131,1,1,354,0,42
1510902588156,271,HTTP Request,200,OK,loadReconcile 1-66,text,true,,110676,131,1,1,229,0,15
1510902588779,473,HTTP Request,200,OK,loadReconcile 1-67,text,true,,110676,131,1,1,425,0,116
1510902589356,511,HTTP Request,200,OK,loadReconcile 1-68,text,true,,110676,131,1,1,468,0,51
1510902589956,623,HTTP Request,200,OK,loadReconcile 1-69,text,true,,110676,131,2,2,579,0,12
1510902590554,529,HTTP Request,200,OK,loadReconcile 1-70,text,true,,110676,131,1,1,494,0,13
1510902591172,1158,HTTP Request,200,OK,loadReconcile 1-71,text,true,,110676,131,2,2,1106,0,28
1510902591766,1161,HTTP Request,200,OK,loadReconcile 1-72,text,true,,110676,131,2,2,1124,0,14
1510902592373,1171,HTTP Request,200,OK,loadReconcile 1-73,text,true,,110676,131,2,2,1133,0,11
1510902592974,1237,HTTP Request,200,OK,loadReconcile 1-74,text,true,,110676,131,3,3,1187,0,9
1510902593578,757,HTTP Request,200,OK,loadReconcile 1-75,text,true,,110676,131,2,2,714,0,10
1510902594181,1020,HTTP Request,200,OK,loadReconcile 1-76,text,true,,110676,131,2,2,971,0,12
1510902594775,1235,HTTP Request,200,OK,loadReconcile 1-77,text,true,,110676,131,3,3,1190,0,30
1510902595378,1239,HTTP Request,200,OK,loadReconcile 1-78,text,true,,110676,131,3,3,1197,0,36
1510902595971,961,HTTP Request,200,OK,loadReconcile 1-79,text,true,,110676,131,2,2,914,0,9
1510902596571,689,HTTP Request,200,OK,loadReconcile 1-80,text,true,,110676,131,2,2,646,0,9
1510902597173,369,HTTP Request,200,OK,loadReconcile 1-81,text,true,,110676,131,1,1,327,0,20
1510902597791,577,HTTP Request,200,OK,loadReconcile 1-82,text,true,,110676,131,1,1,529,0,14
1510902598388,379,HTTP Request,200,OK,loadReconcile 1-83,text,true,,110676,131,1,1,340,0,10
1510902598974,401,HTTP Request,200,OK,loadReconcile 1-84,text,true,,110676,131,1,1,348,0,14
1510902599574,533,HTTP Request,200,OK,loadReconcile 1-85,text,true,,110676,131,1,1,487,0,14
1510902600189,521,HTTP Request,200,OK,loadReconcile 1-86,text,true,,110676,131,1,1,484,0,13
1510902600788,522,HTTP Request,200,OK,loadReconcile 1-87,text,true,,110676,131,1,1,467,0,58
1510902601371,469,HTTP Request,200,OK,loadReconcile 1-88,text,true,,110676,131,1,1,427,0,16
1510902601975,479,HTTP Request,200,OK,loadReconcile 1-89,text,true,,110676,131,1,1,437,0,22
1510902602571,495,HTTP Request,200,OK,loadReconcile 1-90,text,true,,110676,131,1,1,456,0,12
1510902603170,544,HTTP Request,200,OK,loadReconcile 1-91,text,true,,110676,131,1,1,505,0,12
1510902603788,504,HTTP Request,200,OK,loadReconcile 1-92,text,true,,110676,131,1,1,470,0,13
1510902604388,420,HTTP Request,200,OK,loadReconcile 1-93,text,true,,110676,131,1,1,380,0,13
1510902604970,561,HTTP Request,200,OK,loadReconcile 1-94,text,true,,110676,131,1,1,516,0,12
1510902605591,445,HTTP Request,200,OK,loadReconcile 1-95,text,true,,110676,131,1,1,406,0,11
1510902606172,581,HTTP Request,200,OK,loadReconcile 1-96,text,true,,110676,131,1,1,541,0,13
1510902606788,369,HTTP Request,200,OK,loadReconcile 1-97,text,true,,110676,131,1,1,333,0,7
1510902607372,427,HTTP Request,200,OK,loadReconcile 1-98,text,true,,110676,131,1,1,385,0,24
1510902607971,417,HTTP Request,200,OK,loadReconcile 1-99,text,true,,110676,131,1,1,381,0,7
1510902608587,522,HTTP Request,200,OK,loadReconcile 1-100,text,true,,110676,131,1,1,481,0,27
1510902609188,433,HTTP Request,200,OK,loadReconcile 1-101,text,true,,110676,131,1,1,394,0,12
1510902609771,461,HTTP Request,200,OK,loadReconcile 1-102,text,true,,110676,131,1,1,425,0,13
1510902610371,273,HTTP Request,200,OK,loadReconcile 1-103,text,true,,110676,131,1,1,234,0,22
1510902610991,374,HTTP Request,200,OK,loadReconcile 1-104,text,true,,110676,131,1,1,332,0,14
1510902611571,302,HTTP Request,200,OK,loadReconcile 1-105,text,true,,110676,131,1,1,264,0,17
1510902612188,299,HTTP Request,200,OK,loadReconcile 1-106,text,true,,110676,131,1,1,260,0,14
1510902612789,314,HTTP Request,200,OK,loadReconcile 1-107,text,true,,110676,131,1,1,275,0,15
1510902613374,283,HTTP Request,200,OK,loadReconcile 1-108,text,true,,110676,131,1,1,243,0,15
1510902613989,250,HTTP Request,200,OK,loadReconcile 1-109,text,true,,110676,131,1,1,213,0,7
1510902614588,367,HTTP Request,200,OK,loadReconcile 1-110,text,true,,110676,131,1,1,319,0,15
1510902615174,284,HTTP Request,200,OK,loadReconcile 1-111,text,true,,110676,131,1,1,247,0,15
1510902615788,289,HTTP Request,200,OK,loadReconcile 1-112,text,true,,110676,131,1,1,244,0,38
1510902616371,319,HTTP Request,200,OK,loadReconcile 1-113,text,true,,110676,131,1,1,276,0,15
1510902616987,315,HTTP Request,200,OK,loadReconcile 1-114,text,true,,110676,131,1,1,274,0,13
1510902617578,334,HTTP Request,200,OK,loadReconcile 1-115,text,true,,110676,131,1,1,297,0,11
1510902618179,348,HTTP Request,200,OK,loadReconcile 1-116,text,true,,110676,131,1,1,310,0,34
1510902618786,359,HTTP Request,200,OK,loadReconcile 1-117,text,true,,110676,131,1,1,317,0,33
1510902619388,374,HTTP Request,200,OK,loadReconcile 1-118,text,true,,110676,131,1,1,331,0,13
1510902619987,387,HTTP Request,200,OK,loadReconcile 1-119,text,true,,110676,131,1,1,347,0,15
1510902620587,405,HTTP Request,200,OK,loadReconcile 1-120,text,true,,110676,131,1,1,361,0,46
1510902621187,319,HTTP Request,200,OK,loadReconcile 1-121,text,true,,110676,131,1,1,280,0,11
1510902621786,324,HTTP Request,200,OK,loadReconcile 1-122,text,true,,110676,131,1,1,288,0,14
1510902622389,343,HTTP Request,200,OK,loadReconcile 1-123,text,true,,110676,131,1,1,299,0,14
1510902622991,360,HTTP Request,200,OK,loadReconcile 1-124,text,true,,110676,131,1,1,312,0,42
1510902623594,262,HTTP Request,200,OK,loadReconcile 1-125,text,true,,110676,131,1,1,221,0,14
1510902624196,378,HTTP Request,200,OK,loadReconcile 1-126,text,true,,110676,131,1,1,338,0,14
1510902624787,403,HTTP Request,200,OK,loadReconcile 1-127,text,true,,110676,131,1,1,359,0,16
1510902625387,313,HTTP Request,200,OK,loadReconcile 1-128,text,true,,110676,131,1,1,273,0,13
1510902625991,430,HTTP Request,200,OK,loadReconcile 1-129,text,true,,110676,131,1,1,384,0,75
1510902626588,337,HTTP Request,200,OK,loadReconcile 1-130,text,true,,110676,131,1,1,298,0,14
1510902627187,350,HTTP Request,200,OK,loadReconcile 1-131,text,true,,110676,131,1,1,315,0,10
1510902627789,260,HTTP Request,200,OK,loadReconcile 1-132,text,true,,110676,131,1,1,224,0,8
1510902628389,387,HTTP Request,200,OK,loadReconcile 1-133,text,true,,110676,131,1,1,347,0,10
1510902628988,299,HTTP Request,200,OK,loadReconcile 1-134,text,true,,110676,131,1,1,254,0,48
1510902629598,424,HTTP Request,200,OK,loadReconcile 1-135,text,true,,110676,131,1,1,360,0,37
1510902630196,324,HTTP Request,200,OK,loadReconcile 1-136,text,true,,110676,131,1,1,275,0,10
1510902630791,272,HTTP Request,200,OK,loadReconcile 1-137,text,true,,110676,131,1,1,233,0,16
1510902631386,349,HTTP Request,200,OK,loadReconcile 1-138,text,true,,110676,131,1,1,312,0,9
1510902631996,358,HTTP Request,200,OK,loadReconcile 1-139,text,true,,110676,131,1,1,318,0,14
1510902632589,278,HTTP Request,200,OK,loadReconcile 1-140,text,true,,110676,131,1,1,236,0,14
1510902633190,301,HTTP Request,200,OK,loadReconcile 1-141,text,true,,110676,131,1,1,251,0,13
1510902633798,309,HTTP Request,200,OK,loadReconcile 1-142,text,true,,110676,131,1,1,260,0,45
1510902634400,306,HTTP Request,200,OK,loadReconcile 1-143,text,true,,110676,131,1,1,268,0,7
1510902634995,327,HTTP Request,200,OK,loadReconcile 1-144,text,true,,110676,131,1,1,289,0,13
1510902635588,350,HTTP Request,200,OK,loadReconcile 1-145,text,true,,110676,131,1,1,311,0,15
1510902636188,381,HTTP Request,200,OK,loadReconcile 1-146,text,true,,110676,131,1,1,326,0,48
1510902636785,282,HTTP Request,200,OK,loadReconcile 1-147,text,true,,110676,131,1,1,239,0,11
1510902637387,292,HTTP Request,200,OK,loadReconcile 1-148,text,true,,110676,131,1,1,252,0,19
1510902638002,289,HTTP Request,200,OK,loadReconcile 1-149,text,true,,110676,131,1,1,250,0,15
1510902638601,275,HTTP Request,200,OK,loadReconcile 1-150,text,true,,110676,131,1,1,237,0,13
1510902639208,308,HTTP Request,200,OK,loadReconcile 1-151,text,true,,110676,131,1,1,272,0,11
1510902639805,333,HTTP Request,200,OK,loadReconcile 1-152,text,true,,110676,131,1,1,291,0,12
1510902640417,348,HTTP Request,200,OK,loadReconcile 1-153,text,true,,110676,131,1,1,292,0,36
1510902641009,356,HTTP Request,200,OK,loadReconcile 1-154,text,true,,110676,131,1,1,316,0,16
1510902641604,237,HTTP Request,200,OK,loadReconcile 1-155,text,true,,110676,131,1,1,196,0,9
1510902642207,283,HTTP Request,200,OK,loadReconcile 1-156,text,true,,110676,131,1,1,245,0,11
1510902642805,312,HTTP Request,200,OK,loadReconcile 1-157,text,true,,110676,131,1,1,267,0,11
1510902643407,289,HTTP Request,200,OK,loadReconcile 1-158,text,true,,110676,131,1,1,234,0,41
1510902644012,323,HTTP Request,200,OK,loadReconcile 1-159,text,true,,110676,131,1,1,283,0,12
1510902644611,333,HTTP Request,200,OK,loadReconcile 1-160,text,true,,110676,131,1,1,298,0,12
1510902645211,361,HTTP Request,200,OK,loadReconcile 1-161,text,true,,110676,131,1,1,312,0,13
1510902645814,372,HTTP Request,200,OK,loadReconcile 1-162,text,true,,110676,131,1,1,322,0,15
1510902646414,271,HTTP Request,200,OK,loadReconcile 1-163,text,true,,110676,131,1,1,237,0,13
1510902647008,299,HTTP Request,200,OK,loadReconcile 1-164,text,true,,110676,131,1,1,262,0,10
1510902647608,338,HTTP Request,200,OK,loadReconcile 1-165,text,true,,110676,131,1,1,292,0,60
1510902648208,268,HTTP Request,200,OK,loadReconcile 1-166,text,true,,110676,131,1,1,222,0,7
1510902648810,336,HTTP Request,200,OK,loadReconcile 1-167,text,true,,110676,131,1,1,298,0,15
1510902649412,349,HTTP Request,200,OK,loadReconcile 1-168,text,true,,110676,131,1,1,310,0,27
1510902650013,372,HTTP Request,200,OK,loadReconcile 1-169,text,true,,110676,131,1,1,323,0,35
1510902650611,284,HTTP Request,200,OK,loadReconcile 1-170,text,true,,110676,131,1,1,237,0,29
1510902651208,306,HTTP Request,200,OK,loadReconcile 1-171,text,true,,110676,131,1,1,256,0,11
1510902651809,311,HTTP Request,200,OK,loadReconcile 1-172,text,true,,110676,131,1,1,268,0,10
1510902652410,319,HTTP Request,200,OK,loadReconcile 1-173,text,true,,110676,131,1,1,280,0,14
1510902653009,335,HTTP Request,200,OK,loadReconcile 1-174,text,true,,110676,131,1,1,296,0,9
1510902653611,245,HTTP Request,200,OK,loadReconcile 1-175,text,true,,110676,131,1,1,207,0,11
1510902654208,271,HTTP Request,200,OK,loadReconcile 1-176,text,true,,110676,131,1,1,225,0,11
1510902654809,283,HTTP Request,200,OK,loadReconcile 1-177,text,true,,110676,131,1,1,237,0,14
1510902655409,393,HTTP Request,200,OK,loadReconcile 1-178,text,true,,110676,131,1,1,354,0,21
1510902656011,305,HTTP Request,200,OK,loadReconcile 1-179,text,true,,110676,131,1,1,264,0,15
1510902656612,421,HTTP Request,200,OK,loadReconcile 1-180,text,true,,110676,131,1,1,380,0,37
1510902657208,444,HTTP Request,200,OK,loadReconcile 1-181,text,true,,110676,131,1,1,398,0,11
1510902657810,358,HTTP Request,200,OK,loadReconcile 1-182,text,true,,110676,131,1,1,311,0,15
1510902658410,361,HTTP Request,200,OK,loadReconcile 1-183,text,true,,110676,131,1,1,322,0,15
1510902659010,373,HTTP Request,200,OK,loadReconcile 1-184,text,true,,110676,131,1,1,338,0,13
1510902659612,292,HTTP Request,200,OK,loadReconcile 1-185,text,true,,110676,131,1,1,250,0,24
1510902660208,419,HTTP Request,200,OK,loadReconcile 1-186,text,true,,110676,131,1,1,369,0,44
1510902660808,419,HTTP Request,200,OK,loadReconcile 1-187,text,true,,110676,131,1,1,381,0,54
1510902661418,326,HTTP Request,200,OK,loadReconcile 1-188,text,true,,110676,131,1,1,289,0,10
1510902662011,353,HTTP Request,200,OK,loadReconcile 1-189,text,true,,110676,131,1,1,307,0,9
1510902662611,323,HTTP Request,200,OK,loadReconcile 1-190,text,true,,110676,131,1,1,284,0,29
1510902663208,268,HTTP Request,200,OK,loadReconcile 1-191,text,true,,110676,131,1,1,234,0,16
1510902663809,308,HTTP Request,200,OK,loadReconcile 1-192,text,true,,110676,131,1,1,249,0,12
1510902664409,292,HTTP Request,200,OK,loadReconcile 1-193,text,true,,110676,131,1,1,262,0,10
1510902665008,308,HTTP Request,200,OK,loadReconcile 1-194,text,true,,110676,131,1,1,277,0,7
1510902665609,326,HTTP Request,200,OK,loadReconcile 1-195,text,true,,110676,131,1,1,291,0,12
1510902666209,352,HTTP Request,200,OK,loadReconcile 1-196,text,true,,110676,131,1,1,307,0,34
1510902666815,353,HTTP Request,200,OK,loadReconcile 1-197,text,true,,110676,131,1,1,316,0,12
1510902667415,269,HTTP Request,200,OK,loadReconcile 1-198,text,true,,110676,131,1,1,231,0,12
1510902668019,276,HTTP Request,200,OK,loadReconcile 1-199,text,true,,110676,131,1,1,242,0,12
1510902668618,291,HTTP Request,200,OK,loadReconcile 1-200,text,true,,110676,131,1,1,253,0,13
1510902669215,417,HTTP Request,200,OK,loadReconcile 1-201,text,true,,110676,131,1,1,374,0,64
1510902669808,337,HTTP Request,200,OK,loadReconcile 1-202,text,true,,110676,131,1,1,292,0,40
1510902670428,329,HTTP Request,200,OK,loadReconcile 1-203,text,true,,110676,131,1,1,286,0,13
1510902671033,333,HTTP Request,200,OK,loadReconcile 1-204,text,true,,110676,131,1,1,294,0,14
1510902671632,354,HTTP Request,200,OK,loadReconcile 1-205,text,true,,110676,131,1,1,311,0,17
1510902672226,474,HTTP Request,200,OK,loadReconcile 1-206,text,true,,110676,131,1,1,433,0,125
1510902672826,279,HTTP Request,200,OK,loadReconcile 1-207,text,true,,110676,131,1,1,242,0,14
1510902673426,317,HTTP Request,200,OK,loadReconcile 1-208,text,true,,110676,131,1,1,278,0,26
1510902674025,247,HTTP Request,200,OK,loadReconcile 1-209,text,true,,110676,131,1,1,209,0,13
1510902674625,427,HTTP Request,200,OK,loadReconcile 1-210,text,true,,110676,131,1,1,389,0,12
1510902675228,347,HTTP Request,200,OK,loadReconcile 1-211,text,true,,110676,131,1,1,300,0,9
1510902675823,354,HTTP Request,200,OK,loadReconcile 1-212,text,true,,110676,131,1,1,317,0,11
1510902676424,268,HTTP Request,200,OK,loadReconcile 1-213,text,true,,110676,131,1,1,229,0,18
1510902677025,280,HTTP Request,200,OK,loadReconcile 1-214,text,true,,110676,131,1,1,242,0,13
1510902677625,290,HTTP Request,200,OK,loadReconcile 1-215,text,true,,110676,131,1,1,255,0,15
1510902678226,311,HTTP Request,200,OK,loadReconcile 1-216,text,true,,110676,131,1,1,269,0,50
1510902678822,329,HTTP Request,200,OK,loadReconcile 1-217,text,true,,110676,131,1,1,288,0,12
1510902679425,337,HTTP Request,200,OK,loadReconcile 1-218,text,true,,110676,131,1,1,300,0,12
1510902680025,348,HTTP Request,200,OK,loadReconcile 1-219,text,true,,110676,131,1,1,313,0,11
1510902680627,256,HTTP Request,200,OK,loadReconcile 1-220,text,true,,110676,131,1,1,220,0,14
1510902681226,385,HTTP Request,200,OK,loadReconcile 1-221,text,true,,110676,131,1,1,343,0,47
1510902681828,291,HTTP Request,200,OK,loadReconcile 1-222,text,true,,110676,131,1,1,253,0,12
1510902682425,315,HTTP Request,200,OK,loadReconcile 1-223,text,true,,110676,131,1,1,271,0,30
1510902683033,312,HTTP Request,200,OK,loadReconcile 1-224,text,true,,110676,131,1,1,275,0,16
1510902683633,267,HTTP Request,200,OK,loadReconcile 1-225,text,true,,110676,131,1,1,228,0,9
1510902684225,363,HTTP Request,200,OK,loadReconcile 1-226,text,true,,110676,131,1,1,314,0,46
1510902684840,353,HTTP Request,200,OK,loadReconcile 1-227,text,true,,110676,131,1,1,313,0,27
1510902685442,367,HTTP Request,200,OK,loadReconcile 1-228,text,true,,110676,131,1,1,327,0,12
1510902686088,327,HTTP Request,200,OK,loadReconcile 1-229,text,true,,110676,131,1,1,292,0,15
1510902686657,377,HTTP Request,200,OK,loadReconcile 1-230,text,true,,110676,131,1,1,338,0,15
1510902687226,326,HTTP Request,200,OK,loadReconcile 1-231,text,true,,110676,131,1,1,281,0,16
1510902687824,274,HTTP Request,200,OK,loadReconcile 1-232,text,true,,110676,131,1,1,235,0,16
1510902688441,336,HTTP Request,200,OK,loadReconcile 1-233,text,true,,110676,131,1,1,295,0,39
1510902689023,259,HTTP Request,200,OK,loadReconcile 1-234,text,true,,110676,131,1,1,224,0,13
1510902689641,375,HTTP Request,200,OK,loadReconcile 1-235,text,true,,110676,131,1,1,324,0,15
1510902690226,395,HTTP Request,200,OK,loadReconcile 1-236,text,true,,110676,131,1,1,353,0,45
1510902690826,413,HTTP Request,200,OK,loadReconcile 1-237,text,true,,110676,131,1,1,369,0,42
1510902691425,322,HTTP Request,200,OK,loadReconcile 1-238,text,true,,110676,131,1,1,282,0,12
1510902692043,324,HTTP Request,200,OK,loadReconcile 1-239,text,true,,110676,131,1,1,282,0,13
1510902692626,349,HTTP Request,200,OK,loadReconcile 1-240,text,true,,110676,131,1,1,310,0,18
1510902693243,354,HTTP Request,200,OK,loadReconcile 1-241,text,true,,110676,131,1,1,307,0,15
1510902693824,286,HTTP Request,200,OK,loadReconcile 1-242,text,true,,110676,131,1,1,238,0,15
1510902694477,337,HTTP Request,200,OK,loadReconcile 1-243,text,true,,110676,131,1,1,302,0,11
1510902695042,290,HTTP Request,200,OK,loadReconcile 1-244,text,true,,110676,131,1,1,250,0,37
1510902695657,289,HTTP Request,200,OK,loadReconcile 1-245,text,true,,110676,131,1,1,246,0,16
1510902696241,255,HTTP Request,200,OK,loadReconcile 1-246,text,true,,110676,131,1,1,218,0,14
1510902696856,317,HTTP Request,200,OK,loadReconcile 1-247,text,true,,110676,131,1,1,276,0,12
1510902697440,355,HTTP Request,200,OK,loadReconcile 1-248,text,true,,110676,131,1,1,307,0,25
1510902698041,358,HTTP Request,200,OK,loadReconcile 1-249,text,true,,110676,131,1,1,325,0,14
1510902698656,258,HTTP Request,200,OK,loadReconcile 1-250,text,true,,110676,131,1,1,222,0,13
1510902699241,401,HTTP Request,200,OK,loadReconcile 1-251,text,true,,110676,131,1,1,349,0,35
1510902699857,287,HTTP Request,200,OK,loadReconcile 1-252,text,true,,110676,131,1,1,248,0,13
1510902700440,249,HTTP Request,200,OK,loadReconcile 1-253,text,true,,110676,131,1,1,210,0,8
1510902701039,338,HTTP Request,200,OK,loadReconcile 1-254,text,true,,110676,131,1,1,292,0,14
1510902701658,322,HTTP Request,200,OK,loadReconcile 1-255,text,true,,110676,131,1,1,287,0,17
1510902702239,380,HTTP Request,200,OK,loadReconcile 1-256,text,true,,110676,131,1,1,321,0,48
1510902702858,365,HTTP Request,200,OK,loadReconcile 1-257,text,true,,110676,131,1,1,317,0,40
1510902703439,282,HTTP Request,200,OK,loadReconcile 1-258,text,true,,110676,131,1,1,235,0,16
1510902704057,282,HTTP Request,200,OK,loadReconcile 1-259,text,true,,110676,131,1,1,243,0,12
1510902704641,309,HTTP Request,200,OK,loadReconcile 1-260,text,true,,110676,131,1,1,274,0,13
1510902705266,306,HTTP Request,200,OK,loadReconcile 1-261,text,true,,110676,131,1,1,263,0,18
1510902705856,330,HTTP Request,200,OK,loadReconcile 1-262,text,true,,110676,131,1,1,287,0,37
1510902706456,348,HTTP Request,200,OK,loadReconcile 1-263,text,true,,110676,131,1,1,302,0,7
1510902707056,371,HTTP Request,200,OK,loadReconcile 1-264,text,true,,110676,131,1,1,316,0,12
1510902707658,276,HTTP Request,200,OK,loadReconcile 1-265,text,true,,110676,131,1,1,231,0,15
1510902708260,4218,HTTP Request,200,OK,loadReconcile 1-266,text,true,,110676,131,8,8,4153,0,3090
1510902711282,1204,HTTP Request,200,OK,loadReconcile 1-271,text,true,,110676,131,7,7,1151,0,71
1510902708858,3662,HTTP Request,200,OK,loadReconcile 1-267,text,true,,110676,131,6,6,3613,0,2493
1510902709458,3139,HTTP Request,200,OK,loadReconcile 1-268,text,true,,110676,131,5,5,3065,0,1894
1510902710657,1961,HTTP Request,200,OK,loadReconcile 1-270,text,true,,110676,131,4,4,1883,0,696
1510902710057,2563,HTTP Request,200,OK,loadReconcile 1-269,text,true,,110676,131,3,3,2499,0,1296
1510902711839,799,HTTP Request,200,OK,loadReconcile 1-272,text,true,,110676,131,2,2,740,0,16
1510902712472,380,HTTP Request,200,OK,loadReconcile 1-273,text,true,,110676,131,1,1,329,0,10
1510902713072,281,HTTP Request,200,OK,loadReconcile 1-274,text,true,,110676,131,1,1,239,0,13
1510902713640,246,HTTP Request,200,OK,loadReconcile 1-275,text,true,,110676,131,1,1,197,0,9
1510902714272,246,HTTP Request,200,OK,loadReconcile 1-276,text,true,,110676,131,1,1,210,0,14
1510902714871,322,HTTP Request,200,OK,loadReconcile 1-277,text,true,,110676,131,1,1,284,0,14
1510902715440,267,HTTP Request,200,OK,loadReconcile 1-278,text,true,,110676,131,1,1,227,0,24
1510902716070,353,HTTP Request,200,OK,loadReconcile 1-279,text,true,,110676,131,1,1,313,0,9
1510902716640,293,HTTP Request,200,OK,loadReconcile 1-280,text,true,,110676,131,1,1,254,0,16
1510902717273,381,HTTP Request,200,OK,loadReconcile 1-281,text,true,,110676,131,1,1,339,0,13
1510902717867,301,HTTP Request,200,OK,loadReconcile 1-282,text,true,,110676,131,1,1,260,0,13
1510902718478,311,HTTP Request,200,OK,loadReconcile 1-283,text,true,,110676,131,1,1,262,0,49
1510902719041,355,HTTP Request,200,OK,loadReconcile 1-284,text,true,,110676,131,1,1,312,0,14
1510902719671,331,HTTP Request,200,OK,loadReconcile 1-285,text,true,,110676,131,1,1,295,0,13
1510902720287,334,HTTP Request,200,OK,loadReconcile 1-286,text,true,,110676,131,1,1,295,0,24
1510902720887,347,HTTP Request,200,OK,loadReconcile 1-287,text,true,,110676,131,1,1,309,0,11
1510902721455,295,HTTP Request,200,OK,loadReconcile 1-288,text,true,,110676,131,1,1,254,0,11
1510902722087,382,HTTP Request,200,OK,loadReconcile 1-289,text,true,,110676,131,1,1,338,0,24
1510902722657,331,HTTP Request,200,OK,loadReconcile 1-290,text,true,,110676,131,1,1,290,0,14
1510902723288,298,HTTP Request,200,OK,loadReconcile 1-291,text,true,,110676,131,1,1,264,0,14
1510902723856,353,HTTP Request,200,OK,loadReconcile 1-292,text,true,,110676,131,1,1,309,0,16
1510902724488,254,HTTP Request,200,OK,loadReconcile 1-293,text,true,,110676,131,1,1,217,0,42
1510902725056,279,HTTP Request,200,OK,loadReconcile 1-294,text,true,,110676,131,1,1,236,0,10
1510902725656,298,HTTP Request,200,OK,loadReconcile 1-295,text,true,,110676,131,1,1,251,0,15
1510902726256,305,HTTP Request,200,OK,loadReconcile 1-296,text,true,,110676,131,1,1,268,0,14
1510902726857,325,HTTP Request,200,OK,loadReconcile 1-297,text,true,,110676,131,1,1,278,0,54
1510902727503,295,HTTP Request,200,OK,loadReconcile 1-298,text,true,,110676,131,1,1,252,0,13
1510902728055,243,HTTP Request,200,OK,loadReconcile 1-299,text,true,,110676,131,1,1,207,0,8
1510902728658,238,HTTP Request,200,OK,loadReconcile 1-300,text,true,,110676,131,1,1,199,0,7
1510902729287,359,HTTP Request,200,OK,loadReconcile 1-301,text,true,,110676,131,1,1,306,0,14
1510902729856,283,HTTP Request,200,OK,loadReconcile 1-302,text,true,,110676,131,1,1,248,0,13
1510902730457,413,HTTP Request,200,OK,loadReconcile 1-303,text,true,,110676,131,1,1,365,0,56
1510902731057,318,HTTP Request,200,OK,loadReconcile 1-304,text,true,,110676,131,1,1,277,0,16
1510902731659,329,HTTP Request,200,OK,loadReconcile 1-305,text,true,,110676,131,1,1,292,0,12
1510902732257,342,HTTP Request,200,OK,loadReconcile 1-306,text,true,,110676,131,1,1,304,0,35
1510902732856,366,HTTP Request,200,OK,loadReconcile 1-307,text,true,,110676,131,1,1,321,0,45
1510902733488,367,HTTP Request,200,OK,loadReconcile 1-308,text,true,,110676,131,1,1,325,0,98
1510902734085,279,HTTP Request,200,OK,loadReconcile 1-309,text,true,,110676,131,1,1,240,0,11
1510902734655,310,HTTP Request,200,OK,loadReconcile 1-310,text,true,,110676,131,1,1,263,0,12
1510902735303,269,HTTP Request,200,OK,loadReconcile 1-311,text,true,,110676,131,1,1,229,0,12
1510902735860,325,HTTP Request,200,OK,loadReconcile 1-312,text,true,,110676,131,1,1,286,0,13
1510902736487,415,HTTP Request,200,OK,loadReconcile 1-313,text,true,,110676,131,1,1,375,0,68
1510902737056,563,HTTP Request,200,OK,loadReconcile 1-314,text,true,,110676,131,1,1,524,0,12
1510902737656,370,HTTP Request,200,OK,loadReconcile 1-315,text,true,,110676,131,1,1,334,0,8
1510902738260,379,HTTP Request,200,OK,loadReconcile 1-316,text,true,,110676,131,1,1,343,0,14
1510902738856,301,HTTP Request,200,OK,loadReconcile 1-317,text,true,,110676,131,1,1,261,0,15
1510902739461,308,HTTP Request,200,OK,loadReconcile 1-318,text,true,,110676,131,1,1,269,0,42
1510902740086,301,HTTP Request,200,OK,loadReconcile 1-319,text,true,,110676,131,1,1,259,0,11
1510902740656,344,HTTP Request,200,OK,loadReconcile 1-320,text,true,,110676,131,1,1,304,0,12
1510902741289,322,HTTP Request,200,OK,loadReconcile 1-321,text,true,,110676,131,1,1,284,0,40
1510902741871,358,HTTP Request,200,OK,loadReconcile 1-322,text,true,,110676,131,1,1,317,0,14
1510902742488,357,HTTP Request,200,OK,loadReconcile 1-323,text,true,,110676,131,1,1,316,0,11
1510902743086,271,HTTP Request,200,OK,loadReconcile 1-324,text,true,,110676,131,1,1,229,0,11
1510902743687,287,HTTP Request,200,OK,loadReconcile 1-325,text,true,,110676,131,1,1,250,0,12
1510902744288,302,HTTP Request,200,OK,loadReconcile 1-326,text,true,,110676,131,1,1,256,0,13
1510902744889,306,HTTP Request,200,OK,loadReconcile 1-327,text,true,,110676,131,1,1,268,0,12
1510902745488,323,HTTP Request,200,OK,loadReconcile 1-328,text,true,,110676,131,1,1,285,0,66
1510902746090,335,HTTP Request,200,OK,loadReconcile 1-329,text,true,,110676,131,1,1,297,0,11
1510902746690,360,HTTP Request,200,OK,loadReconcile 1-330,text,true,,110676,131,1,1,311,0,20
1510902747291,268,HTTP Request,200,OK,loadReconcile 1-331,text,true,,110676,131,1,1,222,0,13
1510902747892,301,HTTP Request,200,OK,loadReconcile 1-332,text,true,,110676,131,1,1,235,0,23
1510902748489,396,HTTP Request,200,OK,loadReconcile 1-333,text,true,,110676,131,1,1,355,0,41
1510902749070,325,HTTP Request,200,OK,loadReconcile 1-334,text,true,,110676,131,1,1,286,0,28
1510902749687,332,HTTP Request,200,OK,loadReconcile 1-335,text,true,,110676,131,1,1,284,0,15
1510902750271,289,HTTP Request,200,OK,loadReconcile 1-336,text,true,,110676,131,1,1,251,0,46
1510902750873,360,HTTP Request,200,OK,loadReconcile 1-337,text,true,,110676,131,1,1,326,0,13
1510902751488,380,HTTP Request,200,OK,loadReconcile 1-338,text,true,,110676,131,1,1,333,0,14
1510902752077,292,HTTP Request,200,OK,loadReconcile 1-339,text,true,,110676,131,1,1,250,0,21
1510902752686,301,HTTP Request,200,OK,loadReconcile 1-340,text,true,,110676,131,1,1,256,0,12
1510902753272,327,HTTP Request,200,OK,loadReconcile 1-341,text,true,,110676,131,1,1,283,0,14
1510902753875,255,HTTP Request,200,OK,loadReconcile 1-342,text,true,,110676,131,1,1,209,0,9
1510902754504,317,HTTP Request,200,OK,loadReconcile 1-343,text,true,,110676,131,1,1,283,0,31
1510902755072,258,HTTP Request,200,OK,loadReconcile 1-344,text,true,,110676,131,1,1,223,0,14
1510902755670,336,HTTP Request,200,OK,loadReconcile 1-345,text,true,,110676,131,1,1,287,0,28
1510902756270,300,HTTP Request,200,OK,loadReconcile 1-346,text,true,,110676,131,1,1,254,0,41
1510902756870,307,HTTP Request,200,OK,loadReconcile 1-347,text,true,,110676,131,1,1,268,0,51
1510902757503,393,HTTP Request,200,OK,loadReconcile 1-348,text,true,,110676,131,1,1,353,0,28
1510902758070,335,HTTP Request,200,OK,loadReconcile 1-349,text,true,,110676,131,1,1,296,0,91
1510902758669,345,HTTP Request,200,OK,loadReconcile 1-350,text,true,,110676,131,1,1,311,0,8
1510902759271,358,HTTP Request,200,OK,loadReconcile 1-351,text,true,,110676,131,1,1,324,0,13
1510902759902,352,HTTP Request,200,OK,loadReconcile 1-352,text,true,,110676,131,1,1,307,0,17
1510902760472,290,HTTP Request,200,OK,loadReconcile 1-353,text,true,,110676,131,1,1,249,0,40
1510902761102,336,HTTP Request,200,OK,loadReconcile 1-354,text,true,,110676,131,1,1,235,0,13
1510902761672,319,HTTP Request,200,OK,loadReconcile 1-355,text,true,,110676,131,1,1,280,0,23
1510902762272,331,HTTP Request,200,OK,loadReconcile 1-356,text,true,,110676,131,1,1,294,0,33
1510902762903,318,HTTP Request,200,OK,loadReconcile 1-357,text,true,,110676,131,1,1,277,0,15
1510902763478,475,HTTP Request,200,OK,loadReconcile 1-358,text,true,,110676,131,1,1,421,0,110
1510902764072,380,HTTP Request,200,OK,loadReconcile 1-359,text,true,,110676,131,1,1,335,0,32
1510902764686,279,HTTP Request,200,OK,loadReconcile 1-360,text,true,,110676,131,1,1,236,0,11
1510902765303,275,HTTP Request,200,OK,loadReconcile 1-361,text,true,,110676,131,1,1,234,0,14
1510902765888,301,HTTP Request,200,OK,loadReconcile 1-362,text,true,,110676,131,1,1,263,0,22
1510902766488,318,HTTP Request,200,OK,loadReconcile 1-363,text,true,,110676,131,1,1,277,0,14
1510902767094,328,HTTP Request,200,OK,loadReconcile 1-364,text,true,,110676,131,1,1,286,0,34
1510902767690,252,HTTP Request,200,OK,loadReconcile 1-365,text,true,,110676,131,1,1,215,0,10
1510902768288,381,HTTP Request,200,OK,loadReconcile 1-366,text,true,,110676,131,1,1,319,0,61
1510902768888,272,HTTP Request,200,OK,loadReconcile 1-367,text,true,,110676,131,1,1,232,0,15
1510902769488,284,HTTP Request,200,OK,loadReconcile 1-368,text,true,,110676,131,1,1,250,0,14
1510902770089,305,HTTP Request,200,OK,loadReconcile 1-369,text,true,,110676,131,1,1,260,0,14
1510902770689,318,HTTP Request,200,OK,loadReconcile 1-370,text,true,,110676,131,1,1,275,0,16
1510902771287,336,HTTP Request,200,OK,loadReconcile 1-371,text,true,,110676,131,1,1,291,0,11
1510902771907,332,HTTP Request,200,OK,loadReconcile 1-372,text,true,,110676,131,1,1,286,0,14
1510902772488,360,HTTP Request,200,OK,loadReconcile 1-373,text,true,,110676,131,1,1,319,0,15
1510902773088,270,HTTP Request,200,OK,loadReconcile 1-374,text,true,,110676,131,1,1,232,0,14
1510902773688,295,HTTP Request,200,OK,loadReconcile 1-375,text,true,,110676,131,1,1,246,0,45
1510902774289,246,HTTP Request,200,OK,loadReconcile 1-376,text,true,,110676,131,1,1,198,0,10
1510902774890,350,HTTP Request,200,OK,loadReconcile 1-377,text,true,,110676,131,1,1,287,0,60
1510902775490,328,HTTP Request,200,OK,loadReconcile 1-378,text,true,,110676,131,1,1,285,0,14
1510902776087,349,HTTP Request,200,OK,loadReconcile 1-379,text,true,,110676,131,1,1,303,0,13
1510902776705,346,HTTP Request,200,OK,loadReconcile 1-380,text,true,,110676,131,1,1,300,0,20
1510902777288,274,HTTP Request,200,OK,loadReconcile 1-381,text,true,,110676,131,1,1,228,0,13
1510902777903,374,HTTP Request,200,OK,loadReconcile 1-382,text,true,,110676,131,1,1,330,0,124
1510902778488,294,HTTP Request,200,OK,loadReconcile 1-383,text,true,,110676,131,1,1,259,0,16
1510902779088,285,HTTP Request,200,OK,loadReconcile 1-384,text,true,,110676,131,1,1,247,0,13
1510902779688,347,HTTP Request,200,OK,loadReconcile 1-385,text,true,,110676,131,1,1,286,0,79
1510902780288,338,HTTP Request,200,OK,loadReconcile 1-386,text,true,,110676,131,1,1,300,0,13
1510902780902,342,HTTP Request,200,OK,loadReconcile 1-387,text,true,,110676,131,1,1,302,0,16
1510902781488,383,HTTP Request,200,OK,loadReconcile 1-388,text,true,,110676,131,1,1,328,0,14
1510902782105,381,HTTP Request,200,OK,loadReconcile 1-389,text,true,,110676,131,1,1,327,0,59
1510902782707,243,HTTP Request,200,OK,loadReconcile 1-390,text,true,,110676,131,1,1,199,0,14
1510902783306,298,HTTP Request,200,OK,loadReconcile 1-391,text,true,,110676,131,1,1,253,0,20
1510902783906,413,HTTP Request,200,OK,loadReconcile 1-392,text,true,,110676,131,1,1,369,0,10
1510902784509,313,HTTP Request,200,OK,loadReconcile 1-393,text,true,,110676,131,1,1,276,0,13
1510902785107,334,HTTP Request,200,OK,loadReconcile 1-394,text,true,,110676,131,1,1,294,0,16
1510902785710,350,HTTP Request,200,OK,loadReconcile 1-395,text,true,,110676,131,1,1,305,0,13
1510902786306,263,HTTP Request,200,OK,loadReconcile 1-396,text,true,,110676,131,1,1,222,0,10
1510902786908,280,HTTP Request,200,OK,loadReconcile 1-397,text,true,,110676,131,1,1,235,0,14
1510902787507,285,HTTP Request,200,OK,loadReconcile 1-398,text,true,,110676,131,1,1,248,0,15
1510902788108,307,HTTP Request,200,OK,loadReconcile 1-399,text,true,,110676,131,1,1,263,0,57
1510902788712,414,HTTP Request,200,OK,loadReconcile 1-400,text,true,,110676,131,1,1,376,0,13
1510902789309,334,HTTP Request,200,OK,loadReconcile 1-401,text,true,,110676,131,1,1,291,0,13
1510902789909,358,HTTP Request,200,OK,loadReconcile 1-402,text,true,,110676,131,1,1,305,0,14
1510902790510,266,HTTP Request,200,OK,loadReconcile 1-403,text,true,,110676,131,1,1,215,0,15
1510902791112,267,HTTP Request,200,OK,loadReconcile 1-404,text,true,,110676,131,1,1,228,0,14
1510902791712,288,HTTP Request,200,OK,loadReconcile 1-405,text,true,,110676,131,1,1,243,0,19
1510902792312,299,HTTP Request,200,OK,loadReconcile 1-406,text,true,,110676,131,1,1,257,0,13
1510902792912,448,HTTP Request,200,OK,loadReconcile 1-407,text,true,,110676,131,1,1,381,0,67
1510902793512,386,HTTP Request,200,OK,loadReconcile 1-408,text,true,,110676,131,1,1,296,0,15
1510902794114,249,HTTP Request,200,OK,loadReconcile 1-409,text,true,,110676,131,1,1,206,0,8
1510902794713,267,HTTP Request,200,OK,loadReconcile 1-410,text,true,,110676,131,1,1,223,0,41
1510902795313,269,HTTP Request,200,OK,loadReconcile 1-411,text,true,,110676,131,1,1,227,0,13
1510902795914,258,HTTP Request,200,OK,loadReconcile 1-412,text,true,,110676,131,1,1,212,0,29
1510902796514,291,HTTP Request,200,OK,loadReconcile 1-413,text,true,,110676,131,1,1,255,0,17
1510902797114,310,HTTP Request,200,OK,loadReconcile 1-414,text,true,,110676,131,1,1,272,0,27
1510902797716,323,HTTP Request,200,OK,loadReconcile 1-415,text,true,,110676,131,1,1,282,0,13
1510902798319,331,HTTP Request,200,OK,loadReconcile 1-416,text,true,,110676,131,1,1,292,0,40
1510902798917,351,HTTP Request,200,OK,loadReconcile 1-417,text,true,,110676,131,1,1,310,0,13
1510902799521,363,HTTP Request,200,OK,loadReconcile 1-418,text,true,,110676,131,1,1,320,0,9
1510902800135,364,HTTP Request,200,OK,loadReconcile 1-419,text,true,,110676,131,1,1,321,0,14
1510902800717,343,HTTP Request,200,OK,loadReconcile 1-420,text,true,,110676,131,1,1,241,0,39
1510902801319,301,HTTP Request,200,OK,loadReconcile 1-421,text,true,,110676,131,1,1,261,0,21
1510902801917,278,HTTP Request,200,OK,loadReconcile 1-422,text,true,,110676,131,1,1,237,0,13
1510902802519,331,HTTP Request,200,OK,loadReconcile 1-423,text,true,,110676,131,1,1,291,0,9
1510902803119,348,HTTP Request,200,OK,loadReconcile 1-424,text,true,,110676,131,1,1,304,0,21
1510902803720,485,HTTP Request,200,OK,loadReconcile 1-425,text,true,,110676,131,1,1,421,0,128
1510902804319,305,HTTP Request,200,OK,loadReconcile 1-426,text,true,,110676,131,1,1,236,0,16
1510902804919,298,HTTP Request,200,OK,loadReconcile 1-427,text,true,,110676,131,1,1,250,0,11
1510902805521,304,HTTP Request,200,OK,loadReconcile 1-428,text,true,,110676,131,1,1,258,0,10
1510902806126,336,HTTP Request,200,OK,loadReconcile 1-429,text,true,,110676,131,1,1,266,0,15
1510902806721,316,HTTP Request,200,OK,loadReconcile 1-430,text,true,,110676,131,1,1,279,0,26
1510902807321,352,HTTP Request,200,OK,loadReconcile 1-431,text,true,,110676,131,1,1,302,0,33
1510902807923,404,HTTP Request,200,OK,loadReconcile 1-432,text,true,,110676,131,1,1,357,0,107
1510902808523,399,HTTP Request,200,OK,loadReconcile 1-433,text,true,,110676,131,1,1,334,0,13
1510902809124,387,HTTP Request,200,OK,loadReconcile 1-434,text,true,,110676,131,1,1,340,0,27
1510902809723,299,HTTP Request,200,OK,loadReconcile 1-435,text,true,,110676,131,1,1,258,0,18
1510902810323,313,HTTP Request,200,OK,loadReconcile 1-436,text,true,,110676,131,1,1,268,0,16
1510902810925,343,HTTP Request,200,OK,loadReconcile 1-437,text,true,,110676,131,1,1,281,0,12
1510902811522,350,HTTP Request,200,OK,loadReconcile 1-438,text,true,,110676,131,1,1,301,0,47
1510902812127,372,HTTP Request,200,OK,loadReconcile 1-439,text,true,,110676,131,1,1,308,0,52
1510902812726,469,HTTP Request,200,OK,loadReconcile 1-440,text,true,,110676,131,1,1,426,0,223
1510902813326,333,HTTP Request,200,OK,loadReconcile 1-441,text,true,,110676,131,1,1,290,0,15
1510902813927,292,HTTP Request,200,OK,loadReconcile 1-442,text,true,,110676,131,1,1,249,0,9
1510902814527,311,HTTP Request,200,OK,loadReconcile 1-443,text,true,,110676,131,1,1,263,0,50
1510902815127,328,HTTP Request,200,OK,loadReconcile 1-444,text,true,,110676,131,1,1,277,0,11
1510902815727,444,HTTP Request,200,OK,loadReconcile 1-445,text,true,,110676,131,1,1,395,0,86
1510902816326,350,HTTP Request,200,OK,loadReconcile 1-446,text,true,,110676,131,1,1,307,0,13
1510902816928,370,HTTP Request,200,OK,loadReconcile 1-447,text,true,,110676,131,1,1,320,0,113
1510902817526,278,HTTP Request,200,OK,loadReconcile 1-448,text,true,,110676,131,1,1,234,0,12
1510902818128,299,HTTP Request,200,OK,loadReconcile 1-449,text,true,,110676,131,1,1,245,0,13
1510902818729,291,HTTP Request,200,OK,loadReconcile 1-450,text,true,,110676,131,1,1,258,0,18
1510902819327,321,HTTP Request,200,OK,loadReconcile 1-451,text,true,,110676,131,1,1,276,0,13
1510902819929,333,HTTP Request,200,OK,loadReconcile 1-452,text,true,,110676,131,1,1,288,0,14
1510902820530,432,HTTP Request,200,OK,loadReconcile 1-453,text,true,,110676,131,1,1,305,0,13
1510902821129,357,HTTP Request,200,OK,loadReconcile 1-454,text,true,,110676,131,1,1,316,0,19
1510902821729,267,HTTP Request,200,OK,loadReconcile 1-455,text,true,,110676,131,1,1,227,0,16
1510902822330,398,HTTP Request,200,OK,loadReconcile 1-456,text,true,,110676,131,1,1,345,0,30
1510902822931,405,HTTP Request,200,OK,loadReconcile 1-457,text,true,,110676,131,1,1,358,0,61
1510902823531,312,HTTP Request,200,OK,loadReconcile 1-458,text,true,,110676,131,1,1,271,0,19
1510902824135,311,HTTP Request,200,OK,loadReconcile 1-459,text,true,,110676,131,1,1,267,0,60
1510902824738,332,HTTP Request,200,OK,loadReconcile 1-460,text,true,,110676,131,1,1,294,0,25
1510902825336,361,HTTP Request,200,OK,loadReconcile 1-461,text,true,,110676,131,1,1,308,0,102
1510902825936,245,HTTP Request,200,OK,loadReconcile 1-462,text,true,,110676,131,1,1,206,0,15
1510902826536,263,HTTP Request,200,OK,loadReconcile 1-463,text,true,,110676,131,1,1,218,0,11
1510902827139,294,HTTP Request,200,OK,loadReconcile 1-464,text,true,,110676,131,1,1,246,0,15
1510902827737,231,HTTP Request,200,OK,loadReconcile 1-465,text,true,,110676,131,1,1,193,0,9
1510902828336,315,HTTP Request,200,OK,loadReconcile 1-466,text,true,,110676,131,1,1,277,0,11
1510902828937,335,HTTP Request,200,OK,loadReconcile 1-467,text,true,,110676,131,1,1,291,0,95
1510902829537,358,HTTP Request,200,OK,loadReconcile 1-468,text,true,,110676,131,1,1,306,0,12
1510902830136,264,HTTP Request,200,OK,loadReconcile 1-469,text,true,,110676,131,1,1,219,0,15
1510902830738,274,HTTP Request,200,OK,loadReconcile 1-470,text,true,,110676,131,1,1,232,0,13
1510902831338,287,HTTP Request,200,OK,loadReconcile 1-471,text,true,,110676,131,1,1,247,0,17
1510902831940,304,HTTP Request,200,OK,loadReconcile 1-472,text,true,,110676,131,1,1,260,0,13
1510902832540,328,HTTP Request,200,OK,loadReconcile 1-473,text,true,,110676,131,1,1,282,0,9
1510902833141,345,HTTP Request,200,OK,loadReconcile 1-474,text,true,,110676,131,1,1,288,0,41
1510902833741,239,HTTP Request,200,OK,loadReconcile 1-475,text,true,,110676,131,1,1,196,0,10
1510902834341,249,HTTP Request,200,OK,loadReconcile 1-476,text,true,,110676,131,1,1,211,0,12
1510902834942,269,HTTP Request,200,OK,loadReconcile 1-477,text,true,,110676,131,1,1,226,0,13
1510902835543,391,HTTP Request,200,OK,loadReconcile 1-478,text,true,,110676,131,1,1,342,0,33
1510902836142,298,HTTP Request,200,OK,loadReconcile 1-479,text,true,,110676,131,1,1,254,0,14
1510902836743,311,HTTP Request,200,OK,loadReconcile 1-480,text,true,,110676,131,1,1,266,0,44
1510902837343,321,HTTP Request,200,OK,loadReconcile 1-481,text,true,,110676,131,1,1,282,0,16
1510902837943,339,HTTP Request,200,OK,loadReconcile 1-482,text,true,,110676,131,1,1,296,0,90
1510902838541,361,HTTP Request,200,OK,loadReconcile 1-483,text,true,,110676,131,1,1,312,0,8
1510902839188,320,HTTP Request,200,OK,loadReconcile 1-484,text,true,,110676,131,1,1,279,0,36
1510902839742,283,HTTP Request,200,OK,loadReconcile 1-485,text,true,,110676,131,1,1,239,0,16
1510902840345,389,HTTP Request,200,OK,loadReconcile 1-486,text,true,,110676,131,1,1,351,0,13
1510902840946,304,HTTP Request,200,OK,loadReconcile 1-487,text,true,,110676,131,1,1,263,0,14
1510902841544,322,HTTP Request,200,OK,loadReconcile 1-488,text,true,,110676,131,1,1,280,0,11
1510902842145,347,HTTP Request,200,OK,loadReconcile 1-489,text,true,,110676,131,1,1,292,0,14
1510902842747,346,HTTP Request,200,OK,loadReconcile 1-490,text,true,,110676,131,1,1,305,0,31
1510902843346,317,HTTP Request,200,OK,loadReconcile 1-491,text,true,,110676,131,1,1,269,0,41
1510902843945,273,HTTP Request,200,OK,loadReconcile 1-492,text,true,,110676,131,1,1,233,0,21
1510902844545,290,HTTP Request,200,OK,loadReconcile 1-493,text,true,,110676,131,1,1,248,0,15
1510902845146,306,HTTP Request,200,OK,loadReconcile 1-494,text,true,,110676,131,1,1,261,0,19
1510902845748,323,HTTP Request,200,OK,loadReconcile 1-495,text,true,,110676,131,1,1,276,0,25
1510902846348,241,HTTP Request,200,OK,loadReconcile 1-496,text,true,,110676,131,1,1,204,0,9
1510902846946,351,HTTP Request,200,OK,loadReconcile 1-497,text,true,,110676,131,1,1,304,0,46
1510902847549,287,HTTP Request,200,OK,loadReconcile 1-498,text,true,,110676,131,1,1,235,0,53
1510902848150,268,HTTP Request,200,OK,loadReconcile 1-499,text,true,,110676,131,1,1,228,0,13
1510902848749,287,HTTP Request,200,OK,loadReconcile 1-500,text,true,,110676,131,1,1,243,0,14
